customer_ID,cluster_label
7590-VHVEG,6
5575-GNVDE,4
3668-QPYBK,4
7795-CFOCW,6
9237-HQITU,8
9305-CDSKC,0
1452-KIOVK,2
6713-OKOMC,6
7892-POOKP,0
6388-TABGU,3
9763-GRSKD,4
7469-LKBCI,1
8091-TTVAX,9
0280-XJGEX,9
5129-JLPIS,0
3655-SNQYZ,5
8191-XWSZG,1
9959-WOFKT,5
4190-MFLUW,3
4183-MYFRB,8
8779-QRDMV,6
1680-VDCWW,1
1066-JKSGK,1
3638-WEABW,2
6322-HRPFA,3
6865-JZNKO,4
6467-CHFZW,0
8665-UTDHZ,6
5248-YGIJN,5
8773-HHUOZ,4
3841-NFECX,5
4929-XIHVW,9
6827-IEAUQ,3
7310-EGVHZ,1
3413-BMNZE,4
6234-RAAPL,5
6047-YHPVI,8
6572-ADKRS,2
5380-WJKOV,0
8168-UQWWF,9
8865-TNMNX,3
9489-DEDVP,5
9867-JCZSP,7
4671-VJLCL,5
4080-IIARD,3
3714-NTNFO,8
5948-UJZLF,4
7760-OYPDY,8
7639-LIAYI,5
2954-PIBKO,5
8012-SOUDQ,0
9420-LOJKX,9
6575-SUVOI,2
7495-OOKFY,2
4667-QONEA,3
1658-BYGOY,0
8769-KKTPH,9
5067-XJQFU,0
3957-SQXML,7
5954-BDFSG,5
0434-CSFON,0
1215-FIGMP,2
0526-SXDJP,6
0557-ASKVU,3
5698-BQJOH,0
5122-CYFXA,0
8627-ZYGSZ,8
3410-YOQBQ,5
3170-NMYVV,7
7410-OIEDU,4
2273-QCKXA,4
0731-EBJQB,7
1891-QRQSA,5
8028-PNXHQ,7
5630-AHZIL,3
2673-CXQEU,0
6416-JNVRK,2
5590-ZSKRV,3
0191-ZHSKZ,0
3887-PBQAO,7
5919-TMRGD,8
8108-UXRQN,6
9191-MYQKX,2
9919-YLNNG,9
0318-ZOPWS,7
4445-ZJNMU,9
4808-YNLEU,3
1862-QRWPE,7
2796-NNUFI,7
3016-KSVCP,6
4767-HZZHQ,3
2424-WVHPL,8
7233-PAHHL,5
6067-NGCEU,9
9848-JQJTX,9
8637-XJIVR,8
9803-FTJCG,3
0278-YXOOG,1
3212-KXOCR,1
4598-XLKNJ,0
6380-ARCEH,1
3679-XASPY,7
7123-WQUHX,9
5386-THSLQ,6
3192-NQECA,5
6180-YBIQI,6
6728-DKUCO,0
9750-BOOHV,6
8597-CWYHH,9
2848-YXSMW,7
0486-HECZI,0
4549-ZDQYY,3
5712-AHQNN,8
4846-WHAFZ,8
5256-SKJGO,6
3071-VBYPO,3
9560-BBZXK,6
5299-RULOA,0
8402-OOOHJ,1
9445-ZUEQE,2
1091-SOZGA,9
2928-HLDBA,1
0404-SWRVG,8
6497-TILVL,4
7219-TLZHO,7
4622-YNKIJ,8
4412-YLTKF,8
6734-PSBAW,7
3930-ZGWVE,1
2639-UGMAZ,6
2876-GZYZC,8
6207-WIOLX,6
8587-XYZSF,4
3091-FYHKI,6
2372-HWUHI,8
7799-LGRDP,1
7850-VWJUU,2
3774-VBNXY,7
6217-KDYWC,7
0390-DCFDQ,4
3146-MSEGF,5
4080-OGPJL,8
1095-WGNGG,9
2636-SJDOU,2
1131-QQZEB,7
5716-EZXZN,5
6837-BJYDQ,1
2135-RXIHG,8
6440-DKQGE,3
3466-BYAVD,3
3780-YVMFA,0
3874-EQOEP,4
1679-JRFBR,9
9073-ZZIAY,5
3077-RSNTJ,7
6551-GNYDG,2
9167-APMXZ,2
2749-CTKAJ,7
6371-NZYEG,3
7554-NEWDD,1
8992-VONJD,8
0867-MKZVY,8
4482-EWFMI,8
4648-YPBTM,5
2907-ILJBN,7
6345-FZOQH,7
3376-BMGFE,2
5997-OPVFA,5
3445-HXXGF,6
1159-WFSGR,7
7654-YWJUF,3
1875-QIVME,0
6727-IOTLZ,5
0691-JVSYA,9
5918-VUKWP,1
1744-JHKYS,7
2656-FMOKZ,4
2070-FNEXE,2
5947-SGKCL,9
3712-PKXZA,1
6317-YPKDH,6
6582-OIVSP,4
9367-WXLCH,2
5524-KHNJP,3
1918-ZBFQJ,8
1024-GUALD,6
4827-USJHP,4
8167-GJLRN,6
0956-SYCWG,1
8017-UVSZU,2
7100-FQPRV,3
2472-OVKUP,0
2984-RGEYA,7
9680-NIAUV,5
2146-EGVDT,7
2604-IJPDU,0
9178-JHUVJ,7
6168-YBYNP,0
7255-SSFBC,5
3645-DEYGF,1
9323-HGFWY,9
8544-GOQSH,2
3363-DTIVD,5
7018-WBJNK,2
9142-KZXOP,2
7674-YTAFD,2
6348-SNFUS,5
1285-OKIPP,8
7825-ECJRF,0
1347-KTTTA,9
7841-TZDMQ,2
4195-NZGTA,6
7157-SMCFK,7
4709-LKHYG,7
2504-DSHIH,0
0699-NDKJM,6
9286-BHDQG,6
0230-WEQUW,6
2040-LDIWQ,5
6496-JDSSB,2
9408-SSNVZ,8
4443-EMBNA,7
6469-MRVET,7
0742-MOABM,4
5961-VUSRV,1
6778-JFCMK,6
6341-JVQGF,3
2232-DMLXU,4
4811-JBUVU,2
0945-TSONX,5
2651-ZCBXV,5
3316-UWXUY,2
8937-RDTHP,4
7083-MIOPC,1
1984-GPTEH,1
1251-KRREG,4
0621-JFHOL,6
9903-LYSAB,8
0094-OIFMO,0
9227-UAQFT,1
7301-ABVAD,5
6614-FHDBO,5
7576-ASEJU,3
9058-HRZSV,0
4522-AKYLR,8
0221-WMXNQ,8
0303-UNCIP,4
9947-OTFQU,8
0322-YINQP,4
0959-WHOKV,0
4075-JFPGR,0
4629-NRXKX,8
9514-JDSKI,6
3282-ZISZV,9
3675-YDUPJ,1
4111-BNXIF,6
7017-VFHAY,5
6655-LHBYW,9
4959-JOSRX,2
5046-NUHWD,6
7273-TEFQD,6
3606-TWKGI,0
7529-ZDFXI,0
7605-BDWDC,6
1950-KSVVJ,9
0123-CRBRT,5
6292-TOSSS,1
3197-ARFOY,9
6323-AYBRX,1
7014-ZZXAW,7
4385-GZQXV,0
7633-MVPUY,3
6366-ZGQGL,6
4716-HHKQH,0
5940-AHUHD,4
6432-TWQLB,8
4484-GLZOU,0
3179-GBRWV,3
8645-KWHJO,6
4130-MZLCC,4
0314-TKOSI,4
8229-MYEJZ,8
2080-SRCDE,1
9577-WJVCQ,4
9512-UIBFX,9
6202-DYYFX,2
3808-HFKDE,8
5583-SXDAG,8
3488-PGMQJ,8
3580-REOAC,2
7534-BFESC,8
3727-OWVYD,3
2294-SALNE,3
4847-TAJYI,8
1563-IWQEX,1
8203-XJZRC,1
6556-DBKZF,8
6851-WEFYX,0
2985-JUUBZ,0
6390-DSAZX,4
0895-LMRSF,9
8098-LLAZX,0
8266-VBFQL,8
8181-YHCMF,5
2240-HSJQD,4
1248-DYXUB,7
0265-EDXBD,8
4115-BNPJY,5
3167-SNQPL,0
4091-TVOCN,9
1098-TDVUQ,1
7277-OZCGZ,8
1557-EMYVT,5
2799-ARNLO,8
7563-BIUPC,8
5027-YOCXN,9
3973-SKMLN,1
2321-OMBXY,3
2840-XANRC,0
6745-JEFZB,2
5020-ZSTTY,9
9880-TDQAC,6
8705-WZCYL,8
7102-JJVTX,3
8626-PTQGE,6
4983-CLMLV,9
5701-YVSVF,8
5804-LEPIM,8
5697-GOMBF,6
2739-CACDQ,2
9385-EHGDO,7
9498-FIMXL,1
2379-GYFLQ,9
0122-OAHPZ,8
2868-SNELZ,4
4322-RCYMT,3
6680-NENYN,0
2088-IEBAU,5
7982-VCELR,9
1343-EHPYB,0
6035-BXTTY,4
6885-PKOAM,5
7520-HQWJU,3
9639-BUJXT,1
5924-SNGKP,1
0021-IKXGC,8
2034-GDRCN,8
8966-SNIZF,7
6243-OZGFH,6
4654-DLAMQ,9
0513-RBGPE,5
5160-UXJED,4
4115-NZRKS,8
0219-YTZUE,2
0623-IIHUG,6
4572-DVCGN,2
3351-NGXYI,8
8984-EYLLL,0
9057-MSWCO,6
9833-TGFHX,0
9294-TDIPC,1
5229-DTFYB,9
0104-PPXDV,3
5176-LMJXE,1
3583-KRKMD,2
1010-DIAUQ,9
9069-LGEUL,3
7302-ZHMHP,1
9571-EDEBV,9
3520-FJGCV,5
6563-VRERX,7
0259-GBZSH,8
6122-EFVKN,6
2805-EDJPQ,9
6862-CQUMB,9
7156-MXBJE,9
6158-HDPXZ,6
9601-BRXPO,9
2863-IMQDR,5
5686-CMAWK,8
5651-CRHKQ,3
6905-NIQIN,4
8204-YJCLA,5
5167-ZFFMM,2
6583-SZVGP,9
4895-TMWIR,1
0533-BNWKF,0
1708-PBBOA,6
8782-LKFPK,4
5522-JBWMO,8
3597-MVHJT,9
9774-NRNAU,9
0224-RLWWD,8
9967-ATRFS,1
3951-NJCVI,0
2977-CEBSX,5
0177-PXBAT,9
6599-CEBNN,2
2519-ERQOJ,6
5876-QMYLD,7
2277-AXSDC,1
9442-JTWDL,1
0979-PHULV,9
3067-SVMTC,3
5495-GPSRW,1
7606-BPHHN,1
4742-DRORA,9
0111-KLBQG,9
4800-VHZKI,1
7989-CHGTL,1
0334-GDDSO,8
4163-NCJAK,1
5233-AOZUF,8
5973-EJGDP,8
1996-DBMUS,2
7916-VCCPB,2
4686-GEFRM,5
5249-QYHEX,7
0578-SKVMF,8
5564-NEMQO,2
2233-FAGXV,7
5605-IYGFG,2
7663-ZTEGJ,9
3935-TBRZZ,7
8111-BKVDS,6
2055-SIFSS,2
2806-MLNTI,9
8734-DKSTZ,0
4360-PNRQB,2
6152-ONASV,3
9063-ZGTUY,7
7781-HVGMK,5
2181-UAESM,8
2957-LOLHO,4
6048-NJXHX,7
2320-SLKMB,6
4980-URKXC,1
4376-KFVRS,5
5886-VLQVU,2
3577-AMVUX,4
0771-WLCLA,0
5628-RKIFK,9
0206-TBWLC,9
2937-FTHUR,8
1910-FMXJM,8
7752-XUSCI,0
4110-PFEUZ,4
0732-OCQOC,7
5168-MSWXT,0
1090-ESELR,5
8592-PLTMQ,1
5760-WRAHC,4
8847-GEOOQ,6
0256-LTHVJ,8
4785-FCIFB,7
8313-NDOIA,0
5149-CUZUJ,3
0942-KOWSM,5
4237-CLSMM,1
1452-VOQCH,8
4719-UMSIY,1
6614-VBEGU,9
0880-TKATG,0
3811-VBYBZ,0
1480-BKXGA,5
2996-XAUVF,6
9076-AXYIK,0
5968-XQIVE,0
8896-RAZCR,7
4640-UHDOS,8
4933-IKULF,1
3583-EKAPL,8
1304-BCCFO,4
4104-PVRPS,4
9399-APLBT,8
2359-KMGLI,8
3780-DDGSE,0
4431-EDMIQ,3
0306-JAELE,0
6227-HWPWX,2
0486-LGCCH,7
0447-BEMNG,6
4612-SSVHJ,8
5168-MQQCA,9
5949-XIKAE,0
7971-HLVXI,2
9094-AZPHK,0
3649-JPUGY,5
8372-JUXUI,8
3552-CTCYF,5
6778-YSNIH,8
0388-EOPEX,8
5756-OZRIO,3
6579-JPICP,1
8205-OTCHB,6
4134-BSXLX,3
0505-SPOOW,7
6235-VDHOM,6
7783-YKGDV,9
4374-YMUSQ,9
4513-CXYIX,2
3957-HHLMR,3
7803-XOCCZ,3
5736-YEJAX,5
5609-CEBID,0
8981-FJGLA,4
7218-HKQFK,0
4636-QRJKY,8
1135-LMECX,1
4332-MUOEZ,3
8535-SFUTN,0
5956-VKDTT,8
8677-HDZEE,9
2475-MROZF,2
9412-GHEEC,9
3482-ABPKK,4
6705-LXORM,8
0257-ZESQC,2
7531-GQHME,1
5174-ITUMV,0
4109-CYRBD,8
0913-XWSCN,2
6825-UYPFK,2
8397-MVTAZ,0
0750-EBAIU,8
8606-CIQUL,5
3571-DPYUH,9
7601-GNDYK,7
0356-OBMAC,5
8067-NIOYM,7
1403-GYAFU,7
4234-XTNEA,8
1297-VQDRP,9
9282-IZGQK,8
5348-CAGXB,0
0621-HJWXJ,2
5844-QVTAT,3
8905-IAZPF,9
5394-MEITZ,5
6859-QNXIQ,5
2782-LFZVW,4
2866-IKBTM,1
1342-JPNKI,2
2817-NTQDO,6
7129-AZJDE,2
6986-IJDHX,4
2560-PPCHE,9
4676-MQUEA,9
8138-EALND,1
3580-HYCSP,5
1352-HNSAW,5
2075-PUEPR,7
1982-FEBTD,7
5301-GAUUY,2
5791-KAJFD,3
2654-VBVPB,1
1154-HYWWO,3
2501-XWWTZ,8
3716-UVSPD,8
6815-ABQFQ,0
7343-EOBEU,1
3701-SFMUH,3
6103-LIANB,5
7319-VENRZ,4
5846-NEQVZ,5
6967-QIQRV,3
5781-RFZRP,5
0939-YAPAF,0
0308-IVGOK,6
7293-LSCDV,7
7025-WCBNE,2
5756-JYOJT,3
4710-FDUIZ,9
6030-REHUX,0
9548-LIGTA,5
5150-LJNSR,3
8270-RKSAP,8
6522-YRBXD,0
2640-LYMOV,1
1218-VKFPE,7
3627-FHKBK,4
2865-TCHJW,0
1423-BMPBQ,7
2393-DIVAI,1
5192-EBGOV,8
4568-KNYWR,2
8752-IMQOS,7
0742-LAFQK,0
0795-LAFGP,5
0619-OLYUR,5
5512-IDZEI,7
0459-SPZHJ,5
0215-BQKGS,2
9244-ZVAPM,4
0719-SYFRB,4
8208-EUMTE,6
5172-MIGPM,4
1710-RCXUS,9
0374-FIUCA,7
5839-SUYVZ,2
5173-ZXXXL,1
1096-ADRUX,2
2001-MCUUW,5
2731-GJRDG,9
4723-BEGSG,5
6516-NKQBO,5
8672-OAUPW,3
8207-DMRVL,5
3419-SNJJD,9
6543-CPZMK,6
4765-OXPPD,3
2804-ETQDK,7
6689-VRRTK,9
7138-GIRSH,5
9396-ZSFLL,4
6464-KEXXH,6
7134-MJPDY,9
5240-CAOYT,2
4059-IIEBK,2
4881-JVQOD,6
0516-UXRMT,8
4851-BQDNX,0
5148-HKFIR,1
1009-IRMNA,1
3003-CMDUU,0
5016-IBERQ,0
6797-UCJHZ,9
2469-DTSGX,0
4554-YGZIH,2
5099-BAILX,9
9931-KGHOA,3
1775-KWJKQ,5
7665-VIGUD,1
9411-TPQQV,6
7207-RMRDB,0
7954-MLBUN,5
2077-DDHJK,5
4913-EHYUI,9
0195-IESCP,0
9574-BOSMD,7
4580-TMHJU,8
0970-ETWGE,8
4908-XAXAY,9
8404-VLQFB,7
1626-ERCMM,0
0887-HJGAR,4
2391-IPLOP,3
5644-PDMZC,8
3509-GWQGF,2
9576-ANLXO,2
2024-BASKD,4
5845-BZZIB,7
1140-UKVZG,1
4160-AMJTL,1
5183-SNMJQ,9
8100-PNJMH,5
7838-LAZFO,3
4464-JCOLN,7
2085-JVGAD,1
5650-VDUDS,6
8095-WANWK,4
3030-ZKIWL,1
9565-FLVCG,5
8755-OGKNA,7
2800-VEQXM,4
7538-GWHML,8
5533-RJFTJ,6
3859-CVCET,4
0214-JHPFW,6
5642-MHDQT,7
3088-FVYWK,7
3276-HDUEG,4
9092-GDZKO,1
0823-HSCDJ,6
3729-OWRVL,0
2324-AALNO,1
0822-GAVAP,6
5760-IFJOZ,9
2826-UWHIS,2
1448-PWKYE,8
7501-IWUNG,5
4957-TREIR,2
7251-LJBQN,9
8040-MNRTF,4
1536-HBSWP,8
5313-FPXWG,1
0067-DKWBL,8
0946-FKYTX,6
5076-YVXCM,2
8262-COGGB,1
6663-JOCQO,3
9620-QJREV,1
2276-YDAVZ,2
2682-KEVRP,1
2480-JZOSN,1
0078-XZMHT,5
5896-NPFWW,8
9978-HYCIN,9
8338-QIUNR,5
1525-LNLOJ,5
9450-TRJUU,8
1766-GKNMI,8
6942-LBFDP,1
1456-TWCGB,4
7133-VBDCG,2
7596-ZYWBB,4
8329-UTMVM,9
3014-WJKSM,2
3347-YJZZE,9
1029-QFBEN,1
7929-DMBCV,4
9661-JALZV,1
5433-KYGHE,4
4312-KFRXN,7
5575-TPIZQ,2
0114-IGABW,6
9944-AEXBM,2
1853-ARAAQ,6
6952-OMNWB,2
4697-LUPSU,7
8434-VGEQQ,7
4952-YSOGZ,0
1589-AGTLK,8
5244-IRFIH,0
6549-YMFAW,1
4950-HKQTE,1
6786-OBWQR,8
2684-EIWEO,2
2753-JMMCV,5
6439-GTPCA,8
6621-YOBKI,1
1216-JWVUX,8
7564-GHCVB,3
1173-NOEYG,2
7595-EHCDL,6
6647-ZEDXT,9
2521-NPUZR,5
1307-TVUFB,2
7503-MIOGA,5
4381-MHQDC,4
6923-JHPMP,8
5138-WVKYJ,0
4018-PPNDW,7
1635-FJFCC,2
2499-AJYUA,5
6919-ELBGL,5
3966-HRMZA,4
6425-JWTDV,7
8405-IGQFX,9
8224-IVVPA,4
9477-LGWQI,5
1410-RSCMR,3
0139-IVFJG,8
6683-VLCTZ,0
5730-DBDSI,1
0030-FNXPP,1
2189-WWOEW,2
5684-FJVYR,5
4013-GUXND,1
1894-IGFSG,8
7379-POKDZ,8
1266-NZYUI,3
7969-FFOWG,7
4718-DHSMV,6
5175-WLYXL,4
7817-OMJNA,1
8728-SKJLR,8
3137-NYQQI,3
7706-DZNKK,1
0236-HFWSV,0
3900-AQPHZ,1
5842-POCOP,4
2037-XJFUP,0
8823-RLPWL,5
9505-SQFSW,6
7314-OXENN,8
3758-CKOQL,9
0322-CHQRU,8
5676-CFLYY,5
7521-AFHAB,4
0285-INHLN,3
4678-DVQEO,8
5125-CNDSP,6
0691-IFBQW,0
4992-LTJNE,3
2202-OUTMO,3
0810-BDHAW,3
0229-LFJAF,5
7131-ZQZNK,5
3442-ZHHCC,9
5726-CVNYA,7
9871-ELEYA,5
4257-GAESD,6
5173-WXOQV,4
2040-OBMLJ,2
6286-ZHAOK,7
3807-XHCJH,7
3009-JWMPU,0
5671-RQRLP,2
1450-GALXR,0
8859-AXJZP,7
3174-AKMAS,5
3138-BKYAV,8
9926-PJHDQ,5
7382-DFJTU,2
2798-NYLMZ,5
4289-DTDKW,0
1820-TQVEV,8
2239-JALAW,9
4853-RULSV,5
8098-TDCBU,7
3551-GAEGL,6
4785-NKHCX,1
3196-NVXLZ,4
6275-YDUVO,4
0036-IHMOT,9
0115-TFERT,0
4178-EGMON,5
4220-TINQT,0
5318-YKDPV,5
7975-TZMLR,0
0295-QVKPB,2
4335-BSMJS,1
2311-QYMUQ,9
3643-AHCFP,0
9146-JRIOX,7
3104-OWCGK,0
5337-IIWKZ,6
9101-BWFSS,0
9650-VBUOG,7
3487-EARAT,3
2672-TGEFF,0
9231-ZJYAM,8
4250-WAROZ,0
8184-WMOFI,3
6982-SSHFK,4
6092-QZVPP,9
4625-LAMOB,1
0727-BMPLR,0
0392-BZIUW,5
1038-ZAGBI,7
6549-NNDYT,6
3027-ZTDHO,8
0422-OHQHQ,7
6916-HIJSE,5
2316-ESMLS,6
9778-OGKQZ,5
7408-OFWXJ,5
6007-TCTST,5
2252-NKNSI,5
8713-IGZSO,1
7905-TVXTA,8
7695-PKLCZ,1
2382-BCKQJ,0
8374-UULRV,5
2207-NHRJK,8
3224-DFQNQ,3
5275-PMFUT,5
4795-UXVCJ,1
9777-IQHWP,5
0947-MUGVO,8
9944-HKVVB,0
4124-MMETB,2
3671-SHRSP,4
0979-MOZQI,6
2732-ISEZX,1
3313-QKNKB,0
0323-XWWTN,7
1937-OTUKY,5
1573-LGXBA,9
1764-VUUMT,7
5073-WXOYN,6
4713-ZBURT,5
3050-GBUSH,6
0207-MDKNV,0
7876-AEHIG,6
7945-HLKEA,3
9342-VNIMQ,2
9851-KIELU,0
3523-BRGUW,1
3908-BLSYF,8
3199-NPKCN,0
5170-PTRKA,6
4661-NJEUX,1
2123-AGEEN,8
1258-YMZNM,9
0048-LUMLS,9
7549-MYGPK,0
5898-IGSLP,3
3804-RVTGV,9
6259-WJQLC,2
9227-LUNBG,6
7997-EASSD,2
0730-KOAVE,2
8975-SKGRX,5
0678-RLHVP,0
4315-MURBD,9
2267-FPIMA,2
1051-GEJLJ,1
9734-YWGEX,9
2719-BDAQO,8
5285-MVEHD,9
0379-DJQHR,5
0781-LKXBR,0
5543-QDCRY,8
0297-RBCSG,3
4694-PHWFW,1
0835-JKADZ,0
1907-UBQFC,8
7508-SMHXL,2
3865-YIOTT,9
5993-BQHEA,1
6024-RUGGH,7
6513-EECDB,8
3956-CJUST,2
4079-WWQQQ,6
6103-BOCOU,8
5149-TGWDZ,9
7471-WNSUF,1
8942-DBMHZ,1
4301-VVZKA,8
9199-PWQVC,9
4824-GUCBY,8
5393-HJZSM,3
7074-IEVOJ,8
9625-QSTYE,8
0862-PRCBS,5
8812-ZRHFP,0
5146-CBVOE,2
0454-OKRCT,2
5787-KXGIY,7
4750-ZRXIU,8
4198-VFOEA,6
6630-UJZMY,0
6400-BWQKW,8
2692-AQCPF,9
0347-UBKUZ,1
0835-DUUIQ,1
0811-GSDTP,6
7567-ECMCM,2
6115-ZTBFQ,5
6353-BRMMA,9
6680-WKXRZ,2
6231-WFGFH,7
9904-EHEVJ,9
7028-DVOIQ,0
6169-PPETC,7
4208-UFFGW,4
8584-KMVXD,8
8467-WYNSR,4
0851-DFJKB,3
5382-SOYZL,0
9448-REEVD,2
3261-CQXOL,7
8388-FYNPZ,8
4002-BQWPQ,3
5651-YLPRD,0
2826-DXLQO,6
4378-BZYFP,1
9489-UTFKA,3
4849-PYRLQ,5
9117-SHLZX,4
9889-TMAHG,9
4541-RMRLG,1
7764-BDPEE,1
3429-IFLEM,5
3158-MOERK,0
7294-TMAOP,8
5002-GCQFH,2
0556-FJEGU,5
8919-FYFQZ,6
0604-THJFP,5
2834-JRTUA,5
5875-YPQFJ,8
5879-SESNB,8
6646-QVXLR,0
6461-PPAXN,3
3318-ISQFQ,1
1106-HRLKZ,7
2483-XSSMZ,8
8603-IJWDN,8
8165-ZJRNM,7
9369-XFEHK,2
2604-XVDAM,4
3717-OFRTN,1
9046-JBFWA,1
3280-NMUVX,7
1206-EHBDD,3
8361-LBRDI,1
4883-KCPZJ,7
9108-EQPNQ,7
7277-KAMWT,1
3842-IYKUE,2
6641-XRPSU,2
1374-DMZUI,0
2545-LXYVJ,7
3234-VKACU,8
8357-EQXFO,0
1989-PRJHP,8
8120-JDCAM,4
8917-FAEMR,1
7047-YXDMZ,1
2858-EIMXH,9
9524-EGPJC,8
6993-OHLXR,8
8818-XYFCQ,9
6419-ZTTLE,1
0929-HYQEW,4
6614-YOLAC,6
7426-RHZGU,9
4065-JJAVA,8
4695-VADHF,3
3863-IUBJR,3
7649-SIJJF,5
9361-YNQWJ,1
3748-FVMZZ,6
9391-TTOYH,1
1452-XRSJV,3
3422-WJOYD,3
8242-SOQUO,8
7460-ITWWP,0
7147-AYBAA,4
7868-TMWMZ,5
4822-RVYBB,0
6732-FZUGP,9
8436-BJUMM,0
4184-TJFAN,4
8329-GWVPJ,2
1352-VHKAJ,3
4145-UQXUQ,0
2632-TACXW,7
8146-QQKZH,5
1767-CJKBA,1
6445-TNRXS,5
4581-LNWUM,6
4869-EPIUS,8
9948-YPTDG,8
1236-WFCDV,2
1915-OAKWD,1
7296-PIXQY,8
4883-QICIH,2
3354-OADJP,3
3524-WQDSG,9
0810-DHDBD,3
4026-SKKHW,4
2829-HYVZP,1
8329-IBCTI,1
1271-SJBGZ,6
3845-JHAMY,6
7013-PSXHK,9
5669-SRAIP,6
5981-ITEMU,0
3486-NPGST,1
6941-PMGEP,8
1624-WOIWJ,4
2074-GKOWZ,9
0376-YMCJC,8
6100-FJZDG,7
4829-ZLJTK,0
1730-VFMWO,3
7143-BQIBA,3
3800-LYTRK,4
0634-SZPQA,2
9646-NMHXE,7
7030-NJVDP,8
5536-RTPWK,9
8883-GRDWQ,4
6166-ILMNY,2
3097-NNSPB,2
7771-ZONAT,6
0655-RBDUG,9
2111-DWYHN,1
4194-WHFCB,9
4121-AGSIN,7
4361-BKAXE,9
9845-PEEKO,2
0455-XFASS,8
0301-KOBTQ,1
1751-NCDLI,0
9878-TNQGW,8
9170-ARBTB,7
4441-NIHPT,8
8999-BOHSE,2
7241-AJHFS,2
7029-RPUAV,9
4546-FOKWR,2
9036-CSKBW,9
5832-TRLPB,9
8590-YFFQO,3
8659-IOOPU,5
1338-CECEE,3
7439-DKZTW,8
4646-QZXTF,3
4607-CHPCA,0
9742-XOKTS,3
6921-OZMFH,4
9578-FOMUK,1
4712-UYOOI,7
8824-RWFXJ,4
7722-CVFXN,0
8717-VCTXJ,1
7363-QTBIW,8
4159-NAAIX,9
0971-QIFJK,7
9397-TZSHA,1
3391-JSQEW,4
0343-QLUZP,6
9763-PDTKK,9
2176-LVPNX,5
7627-JKIAZ,2
3312-UUMZW,9
1271-UODNO,2
8461-EFQYM,1
6900-RBKER,2
6891-JPYFF,9
1459-QNFQT,6
1047-NNCBF,2
3696-XRIEN,9
4081-DYXAV,6
0074-HDKDG,3
8791-GFXLZ,4
8111-SLLHI,0
0927-LCSMG,4
9330-DHBFL,3
0098-BOWSO,1
3452-ABWRL,2
5859-HZYLF,7
8257-RZAHR,2
5293-WXJAK,9
3156-QLHBO,1
2208-NQBCT,3
1779-PWPMG,5
6621-NRZAK,7
0831-JNISG,7
0774-IFUVM,3
3082-WQRVY,1
9553-DLCLU,5
1641-BYBTK,1
2460-NGXBJ,2
2446-ZKVAF,2
0841-NULXI,6
3522-CDKHF,2
1430-SFQSA,6
0411-EZJZE,8
7851-WZEKY,0
8844-TONUD,9
8807-ARQET,6
8992-CEUEN,1
4320-QMLLA,4
8777-PVYGU,3
8292-ITGYJ,7
6870-ZWMNX,5
0621-CXBKL,1
5268-DSMNQ,9
5334-JLAXU,2
4086-YQSNZ,8
6242-MBHPK,0
5868-CZJDR,6
9359-UGBTK,3
0135-NMXAP,2
4782-OSFXZ,5
6479-OAUSD,1
7129-ACFOG,8
4189-NAKJS,2
5562-BETPV,7
1282-IHQAC,6
9127-FHJBZ,5
6270-OMFIW,0
1641-RQDAY,0
0107-WESLM,1
6994-ORCWG,4
1346-UFHAX,2
3992-YWPKO,9
2933-XEUJM,5
0125-LZQXK,0
5461-QKNTN,0
4835-YSJMR,4
8399-YNDCH,4
3164-YAXFY,6
0887-WBJVH,0
4660-IRIBM,4
5673-FSSMF,8
7670-ZBPOQ,3
8089-UZWLX,9
0080-OROZO,0
3916-NRPAP,2
6807-SIWJI,0
8221-HVAYI,5
1579-KLYDT,0
5232-NXPAY,5
8967-SZQAS,8
4468-KAZHE,8
0455-ENTCR,5
8944-AILEF,1
5542-NKVRU,1
7126-RBHSD,8
5370-IIVVL,9
6789-HJBWG,8
3927-NLNRY,9
9087-EYCPR,1
6791-YBNAK,6
6358-LYNGM,8
6077-BDPXA,8
0013-MHZWF,9
5494-HECPR,8
8268-YDIXR,0
9824-BEMCV,8
1373-ORVIZ,0
4291-SHSBH,8
6980-IMXXE,7
9866-QEVEE,2
9897-KXHCM,8
0040-HALCW,7
0784-GTUUK,1
7979-CORPM,2
2294-DMMUS,9
0872-JCPIB,4
3055-MJDSB,6
9091-WTUUY,3
1618-CFHME,8
3165-HDOEW,4
6581-NQCBA,6
7115-IRDHS,7
8496-DMZUK,3
2040-VZIKE,9
9068-VPWQQ,5
0178-SZBHO,0
0384-RVBPI,3
1689-MRZQR,8
1299-AURJA,7
4525-VZCZG,9
1543-LLLFT,9
5835-BEQEU,8
2788-CJQAQ,1
5565-FILXA,0
0319-QZTCO,2
2120-SMPEX,1
0096-FCPUF,4
0668-OGMHD,6
5552-ZNFSJ,8
2223-KAGMX,1
6507-ZJSUR,0
9408-HRXRK,0
5593-SUAOO,3
7321-PKUYW,8
2833-SLKDQ,4
6766-HFKLA,5
7595-EUIVN,8
7617-EYGLW,1
2026-TGDHM,8
9220-ZNKJI,5
4030-VPZBD,6
2226-ICFDO,5
0723-VSOBE,6
5529-GIBVH,1
4187-CINZD,9
9992-UJOEL,4
4741-WWJQZ,8
6625-UTXEW,8
6818-WOBHJ,2
6244-BESBM,5
1004-NOZNR,9
1251-STYSZ,8
2612-PHGOX,5
2408-TZMJL,0
8480-PPONV,5
8780-IHCRN,7
4598-ZADCK,6
1257-SXUXQ,7
9681-KYGYB,0
7182-OVLBJ,5
5095-ETBRJ,3
7005-CYUIL,5
4821-WQOYN,7
4730-AWNAU,6
3452-FLHYD,1
2388-LAESQ,5
9531-NSBMR,1
6260-ONULR,4
4389-UEFCZ,0
8711-LOBKY,7
9134-CEQMF,0
8985-OOPOS,9
8800-ZKRFW,0
2616-FLVQC,1
9968-FFVVH,3
3108-PCCGG,5
7993-PYKOF,8
8390-FESFV,5
3022-BEXHZ,5
5027-XWQHA,8
6248-TKCQV,5
6729-GDNGC,2
6198-ZFIOJ,8
5989-OMNJE,6
4566-QVRRW,8
1291-CUOCY,5
9795-SHUHB,3
3230-IUALN,5
0042-RLHYP,7
8519-IMDHU,2
4945-RVMTE,4
0201-OAMXR,9
1866-NXPSP,3
3372-KWFBM,8
7831-QGOXH,8
6393-WRYZE,0
3941-XTSKM,6
1661-CZBAU,3
6599-RCLCJ,0
9831-BPFRI,3
5158-RIVOP,7
9788-YTFGE,1
9277-JOOMO,1
1907-YLNYW,8
1725-MIMXW,1
8947-YRTDV,3
3161-ONRWK,3
0114-RSRRW,1
4565-NLZBV,7
0031-PVLZI,7
7206-GZCDC,8
6682-VCIXC,6
4791-QRGMF,9
6475-VHUIZ,3
3910-MRQOY,7
0661-WCQNQ,3
7537-RBWEA,6
4656-CAURT,1
0121-SNYRK,6
1768-ZAIFU,6
4671-LXRDQ,4
3733-LSYCE,2
6265-FRMTQ,1
1934-SJVJK,1
3838-OZURD,9
9269-CQOOL,2
2017-CCBLH,1
7690-KPNCU,3
0536-BGFMZ,1
2293-IJWPS,9
2845-HSJCY,0
5469-NUJUR,1
1184-PJVDB,8
2625-TRCZQ,6
4102-HLENU,3
7266-GSSJX,7
7722-VJRQD,6
7073-QETQY,7
9415-DPEWS,8
5624-RYAMH,1
0196-JTUQI,2
7130-YXBRO,9
9272-LSVYH,4
7943-RQCHR,0
3793-MMFUH,0
3249-ZPQRG,8
2568-BRGYX,8
3084-DOWLE,5
1084-MNSMJ,5
7721-JXEAW,6
7249-WBIYX,0
4238-HFHSN,8
6250-CGGUN,3
5478-JJVZK,4
7596-IIWYC,1
6567-HOOPW,8
9793-WECQC,4
4291-HPAXL,1
8999-YPYBV,5
1839-FBNFR,7
3164-AALRN,4
3071-MVJCD,5
1697-BCSHV,3
0562-KBDVM,6
1131-SUEKT,9
3717-OEAUQ,4
4538-WNTMJ,7
3334-CTHOL,2
4704-ERYFC,8
9432-RUVSL,5
8060-HIWJJ,5
7684-XSZIY,7
9089-UOWJG,2
8621-MNIHH,0
8039-ACLPL,5
9885-AIBVB,0
1934-MKPXS,7
2592-YKDIF,1
2272-JKMSI,0
0471-LVHGK,0
9518-RWHZL,9
8714-CTZJW,2
3569-EDBPQ,8
3131-NWVFJ,7
7521-YXVZY,1
5419-CONWX,9
6240-EURKS,6
2373-NTKOD,8
1970-KKFWL,1
6960-HVYXR,8
9337-SRRNI,7
0895-UADGO,6
5678-VFNEQ,9
5977-CKHON,9
7024-OHCCK,0
2692-BUCFV,9
7861-UVUFT,0
1830-GGFNM,5
5302-BDJNT,0
5223-UZAVK,9
4859-ZSRDZ,6
5651-WYIPH,2
9350-VLHMB,2
3498-LZGQZ,7
8785-CJSHH,0
5357-TZHPP,2
3870-SPZSI,5
0680-DFNNY,0
7560-QRBXH,1
7077-XJMET,0
8752-GHJFU,0
6896-SRVYQ,8
7767-UXAGJ,8
4652-ODEVH,7
6510-UPNKS,1
6718-BDGHG,3
9046-DQMTP,1
6439-LAJXL,3
1571-SAVHK,9
9052-VKDUW,9
9546-CQJSU,0
1666-JZPZT,4
5777-KJIRB,4
0506-LVNGN,2
7677-SJJJK,7
2480-EJWYP,9
3253-HKOKL,0
7055-HNEOJ,4
5514-YQENT,5
3211-AAPKX,9
8445-DNBAE,8
2951-QOQTK,2
2958-NHPPS,1
6806-YDEUL,1
1735-XMJVH,7
6890-PFRQX,4
0222-CNVPT,6
5899-OUVKV,0
8681-ICONS,7
1621-YNCJH,5
3473-XIIIT,0
6362-QHAFM,0
7893-IXHRQ,1
3070-BDOQC,0
2952-QAYZF,8
6234-PFPXL,2
9824-QCJPK,1
4763-PGDPO,8
4283-IVYCI,4
1866-OBPNR,2
8205-MQUGY,3
8970-ANWXO,9
9480-BQJEI,9
5394-SVGJV,9
6979-TNDEU,1
9777-WJJPR,2
9283-LZQOH,2
7079-QRCBC,0
9495-SKLKD,9
6048-UWKAL,5
5067-DGXLL,1
5469-CTCWN,0
9851-QXEEQ,0
6281-FKEWS,6
8898-KASCD,6
9242-TKFSV,5
9290-SHCMB,0
0743-HNPFG,3
2277-BKJKN,0
9809-IMGCQ,0
5208-HFSBT,2
5035-PGZXH,0
8695-WDYEA,4
6543-JXSOO,3
8016-ZMGMO,9
8605-ITULD,1
3254-YRILK,0
6416-YJTTB,2
2667-WYLWJ,7
4472-VESGY,3
3195-TQDZX,1
3128-YOVTD,3
0529-ONKER,8
1728-CXQBE,0
7041-TXQJH,6
5014-GSOUQ,1
5724-BIDBU,3
0481-SUMCB,9
1769-GRUIK,8
5240-IJOQT,8
8819-WFGGJ,6
7427-AUFPY,1
2811-POVEX,9
1092-GANHU,8
7898-PDWQE,5
9972-EWRJS,7
9314-IJWSQ,0
0661-XEYAN,6
5799-JRCZO,7
1921-KYSAY,0
6198-RTPMF,0
2924-KHUVI,0
1925-GMVBW,1
7881-EVUAD,6
6184-DYUOB,1
9207-ZPANB,3
5766-XQXMQ,3
9327-QSDED,4
1656-DRSMG,9
3012-VFFMN,7
2984-AFWNC,0
0640-YJTPY,7
8096-LOIST,8
9764-REAFF,7
3703-VAVCL,3
7107-UBYKY,7
4881-GQJTW,1
8519-QJGJD,8
7876-DNYAP,7
7905-NJMXS,3
2882-WDTBA,5
2091-GPPIQ,5
6326-MTTXK,0
5071-FBJFS,3
2796-UUZZO,2
2429-AYKKO,1
9798-OPFEM,1
0330-IVZHA,8
3794-NFNCH,4
5193-QLVZB,9
7114-AEOZE,1
2886-KEFUM,0
5522-NYKPB,8
4237-RLAQD,4
9957-YODKZ,0
6518-KZXCB,1
2245-ADZFJ,5
7776-QGYJC,2
9313-QOLTZ,1
9651-GTSAQ,9
3186-BAXNB,8
4672-FOTSD,8
0637-YLETY,2
9818-XQCUV,1
7338-ERIVA,6
1157-BQCUW,8
8259-NFJTV,6
3223-DWFIO,8
2660-EMUBI,0
6968-GMKPR,8
4751-ERMAN,5
1436-ZMJAN,9
3292-PBZEJ,0
0799-DDIHE,8
3070-FNFZQ,7
2812-SFXMJ,1
7675-OZCZG,8
5014-WUQMG,3
5312-TSZVC,1
2003-CKLOR,0
0993-OSGPT,3
9254-RBFON,9
1205-WNWPJ,4
9391-EOYLI,8
7108-DGVUU,9
2782-JEEBU,6
5127-BZENZ,3
2720-FVBQP,2
9906-NHHVC,6
4522-XRWWI,3
3766-EJLFL,5
5939-SXWHM,7
8152-UOBNY,0
7351-KYHQH,8
7643-RCHXS,7
8246-SHFGA,1
8387-MOJJT,2
0620-XEFWH,7
6485-QXWWE,7
2761-OCIAX,8
7321-VGNKU,8
5327-CNLUQ,5
7552-KEYGT,7
5816-JMLGY,5
3068-OMWZA,0
2927-QRRQV,0
6032-KRXXO,8
7459-RRWQZ,2
6265-SXWBU,9
7941-RCJOW,1
6374-NTQLP,5
4154-AQUGT,2
2387-KDZQY,1
3584-WKTTW,0
3399-BMLVW,3
1971-DTCZB,5
3092-IGHWF,3
3374-PZLXD,1
3813-DHBBB,6
2812-REYAT,1
6518-PPLMZ,7
4939-KYYPY,8
8017-LXHFA,0
5930-GBIWP,5
6022-KOUQO,6
6352-TWCAU,8
2361-UPSND,3
6035-RIIOM,9
2929-QNSRW,0
1262-OPMFY,2
9504-DSHWM,3
5035-BVCXS,4
6267-DCFFZ,0
3533-UVMOM,5
2439-LYPMQ,0
4248-QPAVC,2
1899-VXWXM,9
1478-VPOAD,8
9995-HOTOH,6
2988-PLAHS,0
1371-OJCEK,1
4999-IEZLT,6
8883-ANODQ,2
4690-LLKUA,8
2351-RRBUE,7
5980-BDHPY,5
1498-DQNRX,1
9469-WEJBT,0
3331-HQDTW,9
9490-DFPMD,8
2581-VKIRT,3
5442-XSDCW,2
7426-WEIJX,8
2851-MMUTZ,4
3049-NDXFL,4
8580-AECUZ,8
3307-TLCUD,6
6625-FLENO,7
2967-MXRAV,7
7963-GQRMY,4
8189-HBVRW,8
4163-KIUHY,1
1228-FZFRV,9
3500-NSDOA,5
1171-TYKUR,7
3761-FLYZI,9
2058-DCJBE,8
5364-XYIRR,0
4829-AUOAX,9
1219-NNDDO,8
8388-DMKAE,1
4403-BWPAY,1
9659-QEQSY,0
5405-ZMYXQ,2
5047-LHVLY,4
1442-OKRJE,9
4737-AQCPU,5
9158-VCTQB,9
2808-CHTDM,7
6311-UEUME,8
0793-TWELN,8
3283-WCWXT,7
1060-ENTOF,9
0999-QXNSA,4
5451-MHQOF,7
4836-WNFNO,7
9225-BZLNZ,5
0354-VXMJC,7
4422-QVIJA,4
9365-SRSZE,8
6839-ITVZJ,3
8332-OSJDW,7
4735-BJKOU,1
0274-JKUJR,6
5740-YHGTW,2
8917-SZTTJ,7
1696-MZVAU,6
7359-WWYJV,5
0375-HVGXO,6
4906-ZHGPK,3
8593-WHYHV,8
3795-GWTRD,5
1298-PHBTI,0
6223-DHJGV,1
6961-MJKBO,1
6097-EQISJ,9
4423-YLHDV,9
8158-WPEZG,6
0107-YHINA,0
4918-FYJNT,0
0727-BNRLG,5
4854-CIDCF,8
8640-SDGKB,0
3280-MRDOF,5
6435-SRWBJ,8
9964-WBQDJ,7
6303-KFWSL,8
1702-CCFNJ,3
8932-CZHRQ,3
0386-CWRGM,7
5515-RUGKN,2
0404-AHASP,7
7279-NMVJC,1
2081-VEYEH,0
6407-UTSLV,2
4116-TZAQJ,2
9060-HJJRW,6
2587-YNLES,7
7398-SKNQZ,0
5935-FCCNB,0
1958-RNRKS,8
5136-RGMZO,8
8345-MVDYC,5
8226-BXGES,3
3877-JRJIP,8
8375-DKEBR,8
9705-IOVQQ,0
1015-OWJKI,1
7511-YMXVQ,6
2040-XBAVJ,5
7551-JOHTI,1
8887-IPQNC,4
8646-JCOMS,9
9804-ICWBG,8
1222-KJNZD,7
0106-GHRQR,9
5318-IXUZF,2
3768-VHXQO,7
8952-WCVCD,9
2418-TPEUN,7
3963-RYFNS,5
3198-VELRD,2
8540-ZQGEA,7
1320-REHCS,0
4137-JOPHL,5
9436-ZBZCT,8
7801-CEDNV,3
2057-BOYKM,5
3658-QQJYD,9
1803-BGNBD,8
0134-XWXCE,9
6950-TWMYB,3
5848-FHRFC,1
2243-FNMMI,1
2511-MORQY,3
5356-KZCKT,1
9470-XCCEM,2
6519-CFDBX,8
3902-MIVLE,5
0409-WTMPL,9
8763-KIAFH,7
3669-WHAFY,5
3055-VTCGS,2
3144-KMTWZ,9
7279-BUYWN,0
7156-MHUGY,0
7198-GLXTC,8
2007-QVGAW,7
5207-PLSTK,4
2307-FYNNL,0
5605-XNWEN,7
2155-AMQRX,2
6181-AXXYF,7
5091-HFAZW,8
0516-VRYBW,1
2519-LBNQL,0
8623-ULFNQ,8
8380-PEFPE,8
5687-DKDTV,1
1568-LJSZU,5
7530-HDYDS,2
7789-HKSBS,9
7416-CKTEP,7
2586-CWXVV,6
3096-IZETN,2
2348-KCJLT,3
8401-EMUWF,3
4193-IBKSW,7
5377-NDTOU,5
5922-ABDVO,4
2474-LCNUE,9
0839-QNXME,1
3506-OVLKD,1
9172-ANCRX,0
6650-VJONK,4
2178-PMGCJ,4
7492-TAFJD,6
2773-MADBQ,6
6016-LVTJQ,7
7860-KSUGX,5
8966-KZXXA,7
6910-HADCM,8
4816-LXZYW,8
9606-PBKBQ,0
5149-QYTTU,3
2070-XYMFH,4
2085-BOJKI,9
0817-HSUSE,0
5442-PPTJY,7
1927-QEWMY,7
1663-MHLHE,1
5663-QBGIS,0
4450-MDZFX,2
6701-DHKWQ,6
7554-AKDQF,4
3536-IQCTX,0
4911-BANWH,2
8496-EJAUI,2
0794-YVSGE,7
5423-BHIXO,8
6908-VVYHM,0
2959-EEXWB,6
1839-UMACK,1
3030-YDNRM,8
7321-KKSDU,7
3402-XRIUO,3
3132-TVFDZ,6
8286-AFUYI,8
8080-DDEMJ,8
8356-WUAOJ,8
6365-MTGZX,0
1349-WXNGG,1
8058-DMYRU,0
9350-ZXYJC,1
6990-YNRIO,5
8958-JPTRR,1
6959-GQEGV,0
3173-WSSUE,7
1265-HVPZB,3
4115-UMJFQ,6
7369-TRPFD,1
1098-KFQEC,7
7190-XHTWJ,1
0621-TWIEM,8
3537-RYBHH,2
2485-ITVKB,6
3669-OYSJI,2
1612-EOHDH,8
6702-OHFWR,6
5296-BFCYD,7
4510-PYUSH,2
9359-JANWS,3
7517-SAWMO,8
4143-HHPMK,8
3279-DYZQM,7
7054-LGEQW,4
0523-VNGTF,6
9575-IWCAZ,1
7105-MXJLL,4
7064-FRRSW,0
7940-UQQUG,9
0923-PNFUB,8
3961-SXAXY,4
7010-BRBUU,7
3566-HJGPK,4
3062-ICYZQ,0
9938-PRCVK,7
0973-KYVNF,5
5129-HHMZC,5
9637-CDTKZ,5
3946-JEWRQ,9
7873-CVMAW,5
0463-WZZKO,1
3494-JCHRQ,8
6474-FVJLC,8
4524-QCSSM,6
5832-EXGTT,4
8840-DQLGN,9
2039-JONDJ,3
7217-JYHOQ,3
6695-FRVEC,3
4547-LYTDD,8
9894-QMIMJ,3
8069-YQQAJ,6
6770-XUAGN,7
4193-ORFCL,4
1636-NTNCO,6
3466-WAESX,8
9281-PKKZE,6
3638-VBZTA,5
7459-IMVYU,3
7776-QWNFX,2
6689-TCZHQ,8
8563-OYMQY,2
0754-EEBDC,7
5777-ZPQNC,1
1951-IEYXM,5
3318-NMQXL,8
3143-ILDAL,0
1022-RKXDR,1
2361-FJWNO,6
2272-UOINI,0
8232-UTFOZ,1
3750-YHRYO,7
6637-KYRCV,6
5668-MEISB,5
0129-QMPDR,7
7188-CBBBA,0
5356-CSVSQ,8
3221-CJMSG,2
4720-VSTSI,2
3219-JQRSL,5
2801-NISEI,8
3946-MHCZW,4
4623-ZKHLY,1
6732-VAILE,5
8201-AAXCB,8
7696-CFTAT,7
1845-CSBRZ,2
2123-VSCOT,5
6651-AZVTJ,0
4566-GOLUK,9
2484-DGXPZ,7
2018-QKYGT,8
2792-VPPET,1
7409-JURKQ,9
3247-MHJKM,1
1964-SVLEA,1
4587-NUKOX,8
7297-DVYGA,1
2239-CGBUZ,3
0854-UYHZD,7
7243-LCGGZ,1
8267-KFGYD,1
4890-VMUAV,3
9261-WDCAF,4
3764-MNMOI,1
7442-YGZFK,2
0420-BWTPW,6
8229-BUJHX,7
7449-HVPIV,2
5504-WSIUR,9
8183-ONMXC,8
8466-PZBLH,5
9614-RMGHA,2
8735-IJJEG,2
0564-MUUQK,9
5054-IEXZT,8
5834-ASPWA,8
0701-RFGFI,9
0019-EFAEP,5
5619-PTMIK,8
3737-XBQDD,2
5882-CMAZQ,6
5846-QFDFI,3
4445-KWOKW,3
3511-APPBJ,9
7967-HYCDE,2
2430-RRYUW,4
3948-XHGNA,4
3723-BFBGR,2
0565-IYCGT,9
5447-WZAFP,9
5110-CHOPY,6
5445-UTODQ,8
4425-OWHWB,1
7892-QVYKW,0
9675-ICXCT,5
1024-VRZHF,8
4703-MQYKT,1
9497-QCMMS,0
5692-ICXLW,0
0602-DDUML,4
2208-MPXIO,7
1960-UYCNN,0
0348-SDKOL,9
3190-FZATL,1
7336-RLLRH,3
4373-MAVJG,2
8901-HJXTF,6
7710-JSYOA,5
5419-KLXBN,9
3424-NMNBO,0
9885-MFVSU,6
4514-GFCFI,8
0607-MVMGC,9
3365-SAIGS,8
9828-AOQLM,8
8022-BECSI,1
8000-REIQB,8
9993-LHIEB,3
0266-CLZKZ,5
7615-ESMYF,6
3858-VOBET,8
7020-OZKXZ,2
3977-QCRSL,1
0017-DINOC,6
1447-PJGGA,0
8565-CLBZW,4
9139-WQQDY,9
0224-HJAPT,8
8086-OVPWV,8
9430-FRQOC,4
7639-OPLNG,5
3074-GQWYX,2
1492-QGCLU,5
6845-RGTYS,0
7328-OWMOM,1
4418-LZMSV,3
5155-AZQPB,4
8861-HGGKB,8
1087-GRUYI,7
7065-YUNRY,4
7694-VLBWQ,0
2546-KZAAT,3
0181-RITDD,5
5989-PGKJB,8
4795-KTRTH,8
8272-ONJLV,0
1488-PBLJN,5
0308-GIQJT,9
3778-FOAQW,1
4452-ROHMO,1
6481-OGDOO,9
3090-LETTY,3
5349-AZPEW,6
3753-TSEMP,0
8305-VHZBZ,1
9720-JJJOR,3
8100-HZZLJ,8
8775-ERLNB,8
8309-IEYJD,4
9172-JITSM,0
6298-QDFNH,8
7398-HPYZQ,5
3546-GHEAE,1
7361-YPXFS,3
6557-BZXLQ,8
2550-QHZGP,1
7519-JTWQH,5
2538-OIMXF,6
8543-MSDMF,0
9961-JBNMK,9
1170-SASML,2
4872-JCVCA,6
5346-BZCHP,7
2038-LLMLM,0
6173-ITPWD,2
9734-UYXQI,8
1216-BGTSP,9
4138-NAXED,2
2189-UXTKY,0
0744-BIKKF,5
7483-IQWIB,0
5248-KWLAR,5
4958-GZWIY,3
7996-MHXLW,1
7833-PKIHD,3
7061-OVMIM,7
5153-RTHKF,8
1852-QSWCD,7
4832-VRBMR,9
9079-LWTFD,4
6356-ELRKD,8
8624-GIOUT,2
3392-EHMNK,5
5986-WWXDV,1
3061-BCKYI,1
6179-GJPSO,9
7901-TBKJX,0
7228-PAQPD,3
3177-LASXD,8
7746-QYVCO,3
5804-HYIEZ,0
9919-FZDED,5
5934-TSSAU,2
3486-KHMLI,1
4897-QSUYC,1
1084-UQCHV,2
8290-YWKHZ,0
2955-BJZHG,8
3806-DXQOM,6
6784-XYJAE,8
3933-DQPWX,6
6661-EIPZC,6
8957-THMOA,7
2251-PYLPB,5
5555-RNPGT,1
1057-FOGLZ,1
9300-RENDD,8
0761-AETCS,1
8087-LGYHQ,0
4137-BTIKL,4
2190-BCXEC,2
6227-FBDXH,9
2153-MREFK,0
2911-WDXMV,2
7206-PQBBZ,8
3106-ULWFW,2
0925-VYDLG,8
4547-FZJWE,3
7422-WNBTY,0
0842-IWYCP,4
3521-HTQTV,1
3744-ZBHON,1
3373-DIUUN,7
8383-SGHJU,3
7607-QKKTJ,9
7707-PYBBH,4
8984-HPEMB,5
4349-GFQHK,8
4139-DETXS,5
9779-DPNEJ,8
9805-FILKB,7
5793-YOLJN,7
0673-IGUQO,1
4123-FCVCB,9
8819-IMISP,8
7802-EFKNY,6
8311-UEUAB,5
5858-EAFCZ,4
8035-BUYVG,6
1163-ONYEY,3
9787-XVQIU,8
8945-MUQUF,0
5656-MJEFC,6
6082-OQFBA,7
8051-HJRLT,8
8974-OVACP,1
4010-YLMVT,9
1379-FRVEB,0
8612-GXIDD,7
6288-CHQJB,5
8160-HOWOX,8
3023-GFLBR,2
6648-INWPS,7
4223-BKEOR,3
4079-VTGLK,0
1763-WQFUK,4
1391-UBDAR,8
8894-JVDCV,9
2023-VQFDL,1
1345-GKDZZ,1
2014-MKGMH,0
5628-FCGYG,8
2560-WBWXF,1
0248-IPDFW,8
7978-DKUQH,8
4335-UPJSI,7
0524-IAVZO,0
2737-YNGYW,8
1784-EZDKJ,9
9297-FVVDH,5
8007-YYPWD,1
7101-HRBLJ,5
5159-YFPKQ,8
6635-CPNUN,2
4021-RQSNY,0
5453-YBTWV,5
5039-LZRQT,1
2931-VUVJN,0
9061-TIHDA,0
8699-ASUFO,4
6418-PIQSP,5
8220-OCUFY,3
3995-WFCSM,8
1895-QTKDO,2
2038-OEQZH,8
1178-PZGAB,1
7927-AUXBZ,8
2626-VEEWG,7
2878-RMWXY,5
1657-DYMBM,7
7311-MQJCH,1
7375-WMVMT,5
1136-XGEQU,9
2530-FMFXO,0
6844-DZKRF,2
4695-WJZUE,0
7619-ODSGN,3
5970-GHJAW,7
8879-XUAHX,5
3689-MOZGR,6
4195-PNGZS,7
5003-XZWWO,5
3988-RQIXO,8
7622-FWGEW,5
6922-NCEDI,1
2514-GINMM,8
9891-NQDBD,1
6131-IUNXN,7
8548-AWOFC,8
9798-DRYDS,3
8532-UEFWH,7
6296-DDOOR,8
7951-VRDVK,3
5931-FLJJF,4
4815-YOSUK,9
2659-VXMWZ,0
0380-NEAVX,0
3207-OYBWH,0
4285-GYRQC,0
7216-EWTRS,0
4365-MSDYN,1
7036-TYDEC,0
5802-ADBRC,9
8076-FEZKJ,1
5197-YPYBZ,7
8337-MSSXB,8
4312-GVYNH,6
8495-LJDFO,9
0839-JTCUD,5
5494-WOZRZ,5
1302-UHBDD,8
2234-EOFPT,5
8619-IJNDK,3
8378-LKJAF,9
8182-BJDSI,8
2528-HFYZX,8
1153-GNOLC,6
3298-QEICA,6
0788-DXBFY,7
3597-YASZG,5
3496-LFSZU,8
5242-UOWHD,7
2482-CZGBB,8
6479-SZPLM,7
8097-VBQTZ,4
4500-HKANN,3
9917-KWRBE,3
3420-ZDBMA,4
2212-LYASK,6
1393-IMKZG,8
8069-RHUXK,6
3398-GCPMU,5
2908-WGAXL,7
3378-AJRAO,7
1013-QCWAM,0
0866-QLSIR,3
6050-FFXES,5
7181-BQYBV,0
0362-RAOQO,1
9554-DFKIC,3
5527-ACHSO,4
0829-DDVLK,1
1399-UBQIU,0
1813-JLKWR,7
0336-PIKEI,5
7322-OCWHC,5
9537-VHDTA,4
4957-TIALW,3
2054-PJOCK,9
9150-HEPMB,4
9030-QGZNL,1
6204-IEUXJ,2
3126-WQMGH,2
4529-CKBCL,8
2506-CLAKW,9
7176-WRTNX,5
1583-IHQZE,9
5732-IKGQH,9
9239-GZHZE,5
7205-BAIAD,1
0151-ONTOV,4
4140-MUHUG,8
0093-EXYQL,8
8064-RAVOH,8
0219-QAERP,1
0320-JDNQG,0
7180-PISOG,8
9168-INPSZ,0
3571-RFHAR,0
0015-UOCOJ,8
5334-AFQJB,1
2754-SDJRD,9
9578-VRMNM,2
1587-FKLZB,9
6140-QNRQQ,4
8963-JLGJT,4
4307-KTUMW,0
1465-LNTLJ,2
5440-FLBQG,5
2135-DQWAQ,4
4056-QHXHZ,5
7470-MCQTK,6
7488-MXJIV,8
7401-JIXNM,5
9339-FIIJL,5
2027-FECZV,0
2672-DZUOY,6
4706-DGAHW,8
3870-MQAMG,0
6670-MFRPK,2
6177-PEVRA,3
4800-CZMPC,9
4813-HQMGZ,0
7579-KKLOE,5
7377-DMMRI,8
8402-EIVQS,9
4947-DSMXK,9
7245-NIIWQ,8
0002-ORFBO,3
3324-OIRTO,9
5414-OFQCB,2
4967-WPNCF,6
8552-OBVRU,0
8499-BRXTD,1
9154-QDGTH,9
8197-BFWVU,5
2577-GVSIL,9
9367-OIUXP,1
6770-UAYGJ,7
6463-HHXJR,5
7928-VJYAB,0
1187-WILMM,5
9776-OJUZI,9
1306-RPWXZ,7
8949-JTMAY,9
2774-LVQUS,0
3097-PYWXL,7
2266-SJNAT,9
0869-PAPRP,2
4238-JSSWH,9
2972-YDYUW,0
1104-FEJAM,3
2809-ILCYT,1
5499-ECUTN,3
4981-FLTMF,3
9121-PHQSR,2
3113-IWHLC,4
3211-ILJTT,2
4612-THJBS,9
4277-BWBML,7
4094-NSEDU,0
0234-TEVTT,6
4304-TSPVK,5
1552-AAGRX,9
2637-FKFSY,4
9796-MVYXX,6
7874-ECPQJ,1
0020-INWCK,5
7089-RKVSZ,7
2683-JXWQQ,6
9548-ZMVTX,5
8739-XNIKG,8
9755-JHNMN,3
3981-QSVQI,1
2789-HQBOU,8
9424-CMPOG,7
5067-WJEUN,3
3450-WXOAT,2
9251-WNSOD,3
6974-DAFLI,1
2616-UUTFK,3
7064-JHXCE,7
5103-MHMHY,4
7989-AWGEH,6
4373-VVHQL,8
4559-UWIHT,0
7268-IGMFD,9
1846-XWOQN,8
0235-KGSLC,2
6650-BWFRT,5
9570-KYEUA,5
6993-YGFJV,5
2712-SYWAY,1
0730-BGQGF,5
5498-IBWPI,3
9101-NTIXF,1
0013-SMEOE,5
9314-QDMDW,8
9308-ANMVE,8
2884-GBPFB,8
3757-NJYBX,9
3413-DHLPB,9
7649-PHJVR,1
6114-TCFID,6
3787-TRIAL,6
2573-GYRUU,2
5156-UMKOW,6
1247-QBVSH,4
6734-GMPVK,0
9822-OAOVB,8
6161-ERDGD,3
1226-JZNKR,7
7318-EIVKO,8
3771-PZOBW,2
5136-KCKGI,9
8231-BSWXX,2
6486-LHTMA,0
4083-BFNYK,9
3722-WPXTK,8
7389-KBFIT,6
7176-WIONM,6
5141-ZUVBH,3
1089-HDMKP,8
7623-HKYRK,1
0310-SUCIN,9
5197-PYEPU,9
2929-ERCFZ,0
7548-SEPYI,0
8835-VSDSE,8
6619-RPLQZ,7
3275-RHRNE,6
3503-TYDAY,8
6901-GOGZG,5
1623-NLDOT,6
7021-XSNYE,6
9621-OUPYD,1
9898-KZQDZ,9
8982-NHAVY,9
4307-KWMXE,6
0141-YEAYS,2
2450-ZKEED,3
3694-DELSO,6
3893-JRNFS,6
9603-OAIHC,8
1133-KXCGE,1
5236-PERKL,5
0142-GVYSN,1
1049-FYSYG,6
7854-FOKSF,6
2519-FAKOD,9
8406-LNMHF,2
1821-BUCWY,4
8263-JQAIK,6
0023-UYUPN,1
8314-DPQHL,6
1465-WCZVT,7
9481-SFCQY,2
6360-SVNWV,2
0567-GGCAC,3
7089-IVVAZ,9
8884-MRNSU,7
2171-UDMFD,7
9050-IKDZA,4
2205-YMZZJ,8
9802-CAQUT,5
1254-IZEYF,0
0187-WZNAB,4
9492-TOKRI,2
1475-VWVDO,8
9221-OTIVJ,0
1357-MVDOZ,3
7602-MVRMB,5
3325-FUYCG,0
5908-QMGOE,2
1197-BVMVG,8
5406-KGRMX,1
8481-YYXWG,8
5968-HYJRZ,7
5198-EFNBM,0
7516-GMHUV,5
7140-ADSMJ,1
2230-XTUWL,7
7706-YLMQA,1
2585-KTFRE,3
7994-UYIVZ,2
2609-IAICY,8
1740-CSDJP,6
7717-BICXI,7
6559-RAKOZ,0
2636-OHFMN,6
4716-MRVEN,1
2143-LJULT,7
1323-OOEPC,9
3200-MNQTF,5
6164-HXUGH,7
5630-IXDXV,0
0320-DWVTU,5
9135-MGVPY,5
1212-GLHMD,4
7878-JGDKK,4
1088-AUUZZ,5
0397-GZBBC,0
6614-YWYSC,7
9588-OZDMQ,8
7641-EUYET,0
6476-EPYZR,7
9921-ZVRHG,8
1174-FGIFN,0
6620-HVDUJ,3
4701-MLJPN,8
1032-MAELW,3
7641-TQFHN,5
1552-TKMXS,1
9206-GVPEQ,6
8622-ZLFKO,0
1596-BBVTG,2
6188-UXBBR,1
2333-KWEWW,1
5702-SKUOB,1
1134-YWTYF,8
6061-GWWAV,3
0679-TDGAK,3
6585-WCEWR,7
9067-YGSCA,1
9067-SQTNS,7
8433-WXGNA,8
1776-SPBWV,7
8735-SDUFN,7
9668-PUGNU,7
9405-GPBBG,5
1926-QUZNN,7
3707-GNWHM,4
7016-NVRIC,3
5829-NVSQN,3
9565-AXSMR,7
8922-LIEGH,0
8869-LIHMK,5
8245-UMPYT,0
5186-SAMNZ,2
0447-RXSGD,9
4927-WWOOZ,0
5788-YPOEG,5
5373-SFODM,2
0661-KBKPA,9
9081-WWXKP,7
0784-ZQJZX,7
3133-PZNSR,5
5766-ZJYBB,1
8931-GJJIQ,8
4277-PVRAN,2
0022-TCJCI,3
0722-SVSFK,0
3612-YVGSJ,7
9825-YCXWZ,9
5397-NSKQG,6
8565-HBFNN,9
2000-DHJUY,5
0203-HHYIJ,1
8670-ERCJH,5
7758-UJWYS,6
2050-ONYDQ,7
7055-JCGNI,5
0739-UUAJR,6
4826-DXMUP,4
0952-KMEEH,4
7285-KLOTR,0
0654-PQKDW,3
7175-NTIXE,9
7963-SHNDT,6
9796-BPKIW,2
0188-GWFLE,1
8129-GMVGI,7
2882-DDZPG,1
3547-LQRIK,1
9137-NOQKA,1
5843-TTHGI,4
1849-RJYIG,8
8868-GAGIO,4
4061-UKJWL,4
5380-XPJNZ,1
8263-QMNTJ,5
8178-EYZUO,0
3230-JCNZS,5
0277-ORXQS,6
5130-IEKQT,9
3230-WYKIR,9
7996-BPXHY,7
3227-WLKLI,5
0407-BDJKB,0
2266-FUBDZ,7
8237-ULIXL,7
9600-UDOPK,9
8216-AZUUZ,0
9153-BTBVV,7
4074-SJFFA,4
3269-ATYWD,0
5186-PEIZU,1
1074-AMIOH,9
4910-GMJOT,0
0354-WYROK,0
4361-FEBGN,1
7748-UMTRK,0
0380-ZCSBI,1
7145-FEJWU,0
6463-MVYRY,5
3969-JQABI,3
9624-EGDEQ,1
1051-EQPZR,7
5849-ASHZJ,1
5780-INQIK,8
7576-OYWBN,8
4526-ZJJTM,9
8384-FZBJK,0
3750-RNQKR,1
0962-CQPWQ,7
3096-YXENJ,5
1265-BCFEO,5
5837-LXSDN,3
5945-AZYHT,0
8325-QRPZR,8
6384-VMJHP,5
2262-SLNVK,8
7730-CLDSV,5
1135-HIORI,0
0164-APGRB,5
6481-ESCNL,9
1790-NESIO,1
1550-EENBN,0
5539-TMZLF,8
4323-SADQS,6
4446-BZKHU,0
5202-IVJNU,6
5976-JCJRH,8
8198-RKSZG,5
0137-OCGAB,4
3351-NQLDI,9
9297-EONCV,5
7593-JNWRU,4
4588-YBNIB,1
1069-QJOEE,7
3336-JORSO,0
7799-DSEWS,8
8766-PAFNE,5
5315-CKEQK,8
3130-ICDUP,2
0820-FNRNX,3
0880-FVFWF,8
4611-ANLQC,6
4213-HKBJO,1
2792-LSHWX,4
5028-GZLDO,2
0014-BMAQU,2
6861-XWTWQ,0
9018-PCIOK,4
4837-QUSFT,9
6877-TJMBR,8
9953-ZMKSM,1
0907-HQNTS,5
7665-NKLAV,6
6769-DCQLI,9
2433-KMEAS,8
4391-LNRXK,9
8250-ZNGGW,3
2195-ZRVAX,0
3550-SAHFP,8
2011-TRQYE,6
8562-GHPPI,1
5893-PYOLZ,5
4986-MXSFP,1
6131-FOYAS,8
3027-YNWZU,7
5609-IMCGG,2
4873-ILOLJ,8
4727-MCYZG,4
9481-WHGWY,5
2725-KXXWT,0
9565-DJPIB,4
4328-VUFWD,8
3301-LSLWQ,8
7473-ZBDSN,7
3166-PNEOF,5
5639-NTUPK,2
8780-YRMTT,6
8348-HFYIV,6
5140-FOMCQ,9
6242-SGYTS,9
8166-ORCHU,0
8414-OOEEL,5
8454-AATJP,5
6849-WLEYG,1
4659-NZRUF,8
4531-AUZNK,3
4191-XOVOM,0
2150-OEGBV,1
8429-XIBUM,9
1855-CFULU,1
4878-BUNFV,7
1872-EBWSC,1
2608-BHKFN,2
7026-YMSBE,1
7341-LXCAF,8
6997-UVGOX,5
9674-EHPPG,6
9462-MJUAW,4
8128-YVJRG,4
5440-VHLUL,9
5781-BKHOP,5
4283-FUTGF,8
5213-TWWJU,8
1569-TTNYJ,8
8628-MFKAX,5
2397-BRLOM,2
7629-WIXZF,8
5445-GLVOT,8
3976-HXHCE,1
2466-NEJOJ,7
0254-KCJGT,3
5472-CVMDX,6
6461-SZMCV,5
8150-QUDFX,1
9508-ILZDG,0
2346-DJQTB,6
1697-LYYYX,7
1942-OQFRW,8
4749-VFKVB,4
9640-ZSLDC,3
4231-LZUYM,7
7598-UAASY,8
7938-OUHIO,0
8510-AWCXC,0
6128-AQBMT,6
3594-BDSOA,1
0431-APWVY,9
5133-VRSAB,6
5996-DAOQL,1
6838-YAUVY,5
0484-JPBRU,1
7883-ROJOC,4
0244-LGNFY,5
7274-CGTOD,6
4295-YURET,5
3426-NIYYL,8
8225-BTJAU,8
4635-EJYPD,7
1866-ZSLJM,1
4636-TVXVG,7
4236-UJPWO,6
9392-XBGTD,7
3387-VATUS,9
6402-SSEJG,6
1143-NMNQJ,8
1169-SAOCL,9
1110-KYLGQ,9
9929-PLVPA,1
3518-PZXZQ,4
2371-JUNGC,1
7693-QPEFS,2
0924-BJCRC,0
5074-FBGHB,9
2351-BKRZW,5
4455-BFSPD,9
0415-MOSGF,4
1724-BQUHA,0
3948-KXDUF,5
2323-ARSVR,5
0815-MFZGM,5
4826-XTSOH,0
5480-XTFFL,7
8295-FHIVV,1
2495-INZWQ,6
9086-YJYXS,9
1179-INLAT,1
7909-FIOIY,6
4139-SUGLD,6
6857-VWJDT,4
6351-SCJKT,6
5468-BPMMO,1
5624-BQSSA,1
0197-PNKNK,3
2439-QKJUL,1
1194-SPVSP,1
9534-NSXEM,1
2408-WITXK,6
8929-KSWIH,5
2250-IVBWA,3
1810-MVMAI,3
9506-UXUSK,8
1229-RCALF,0
3572-UOLYZ,2
1429-UYJSV,1
5577-OTWWW,1
6100-QQHEB,0
6366-XIVKZ,3
3470-OBUET,5
2770-NSVDG,6
9375-MHRRS,4
2634-HCZGT,3
7503-QQRVF,2
4860-YZGZM,1
6599-GZWCM,4
2691-NZETQ,8
4404-HIBDJ,3
5533-NHFRF,6
7037-MTYVW,5
4760-THGOT,0
7295-JOMMD,9
4016-BJKTZ,5
6584-VQMYT,3
9838-BFCQT,7
2790-XUYMV,2
0581-MDMPW,2
5013-SBUIH,5
1023-BQXZE,5
9163-GHAYE,8
3904-UKFRE,8
5353-WILCI,8
0709-TVGUR,8
0058-EVZWM,2
6023-YEBUP,0
7209-JCUDS,0
7009-PCARS,1
0519-DRGTI,7
1017-FBQMM,9
3001-CBHLQ,0
1985-MBRYP,1
6158-DWPZT,6
9372-TXXPS,3
3259-QMXUN,5
1015-JPFYW,1
6645-MXQJT,0
4360-QRAVE,6
8433-WPJTV,9
5804-JMYIO,7
3763-GCZHZ,0
6484-LATFU,1
7599-NTMDP,6
0772-GYEQQ,4
0536-ACXIP,0
0936-NQLJU,7
4831-EOBFE,9
1575-KRZZE,8
3251-YMVWZ,1
4102-OQUPX,8
9170-GYZJC,3
4884-LEVMQ,7
8857-CUPFQ,7
7610-TVOPG,1
3638-DIMPH,8
1845-ZLLIG,4
8559-WNQZS,1
3999-QGRJH,8
1699-UOTXU,3
2454-RPBRZ,0
0635-WKOLD,3
5993-JSUWV,3
4518-FZBSX,7
5387-ASZNZ,3
6988-CJEYV,0
2002-MZHWP,1
3097-FQTVJ,1
5465-BUBFA,7
7299-GNVPL,3
9743-DQKQW,6
1215-VFYVK,6
9371-BITHB,7
2265-CYWIV,0
9093-FPDLG,0
0541-FITGH,4
6985-HAYWX,2
7508-KBIMB,3
6838-HVLXG,1
2277-DJJDL,0
1897-OKVMW,5
5485-ITNPC,5
0233-FTHAV,2
4644-PIZRT,3
8922-NPKBJ,7
2740-TVLFN,8
7771-CFQRQ,3
9512-PHSMG,1
6963-EZQEE,5
2452-KDRRH,9
2004-OCQXK,8
5027-QPKTE,8
4146-SVFUD,4
1564-HJUVY,4
3617-XLSGQ,5
7517-LDMPS,8
7244-KXYZN,1
5226-NOZFC,8
2672-HUYVI,8
1400-WIVLL,0
7508-MYBOG,0
8148-NLEGT,7
0148-DCDOS,9
8347-GDTMP,7
9992-RRAMN,0
6746-WAUWT,1
0310-MVLET,0
0428-IKYCP,2
4550-VBOFE,0
2187-PKZAY,2
4003-OCTMP,3
6652-YFFJO,8
7225-IILWY,7
5248-RPYWW,5
7923-IYJWY,5
3170-GWYKC,9
5696-QURRL,4
7409-KIUTL,8
9830-ECLEN,6
1732-VHUBQ,2
0495-RVCBF,8
2668-TZSPS,1
7854-EDSSA,8
8869-TORSS,3
7446-SFAOA,1
9522-ZSINC,1
8234-GSZYK,1
6505-OZNPG,6
6164-HAQTX,6
0679-IDSTG,8
7765-LWVVH,0
1658-TJVOA,8
0953-LGOVU,6
2115-BFTIW,4
4692-NNQRU,3
7742-MYPGI,4
0611-DFXKO,4
7780-OTDSO,0
9619-GSATL,3
5622-UEJFI,7
9747-DDZOS,2
0674-DGMAQ,0
6203-HBZPA,6
0484-FFVBJ,9
0301-FIDRB,5
4139-JPIAM,6
2181-TIDSV,7
2761-XECQW,6
1936-CZAKF,6
9453-PATOS,5
0564-JJHGS,0
3348-CFRNX,4
4402-FTBXC,4
1428-GTBJJ,8
2931-XIQBR,9
0106-UGRDO,5
5542-TBBWB,8
1930-QPBVZ,5
2606-PKWJB,6
5322-ZSMZY,7
8059-UDZFY,9
7740-BTPUX,0
5220-AGAAX,7
0208-BPQEJ,7
9435-JMLSX,5
3352-ALMCK,9
5312-IRCFR,0
5294-IMHHT,9
8802-UNOJF,4
6313-GIDIT,6
6176-YJWAS,5
5310-NOOVA,1
4526-EXKKN,1
5311-IHLEI,6
3987-KQDDU,8
3404-JNXAX,8
5131-PONJI,2
2845-AFFTX,0
3489-VSFRD,3
3345-JHUEO,1
5815-HGGHV,3
5260-UMPWX,7
2249-YPRNG,9
7410-YTJIK,4
4626-GYCZP,0
5649-RXQTV,0
2674-MIAHT,4
2576-HXMPA,1
7587-AOVVU,3
5590-BYNII,0
6898-MDLZW,4
3237-AJGEH,6
4707-YNOQA,7
9357-UJRUN,3
1591-NFNLQ,2
8648-PFRMP,6
7663-CUXZB,5
0258-NOKBL,8
1163-VIPRI,5
2815-CPTUL,4
9348-ROUAI,5
9443-JUBUO,5
0596-BQCEQ,0
1481-ZUWZA,2
3043-TYBNO,4
4830-FAXFM,1
5906-BFOZT,1
2960-NKRSO,8
8996-ZROXE,8
5598-IKHQQ,1
0397-ZXWQF,1
5266-PFRQK,7
4674-HGNUA,5
6765-MBQNU,1
9786-IJYDL,5
1303-SRDOK,2
3769-MHZNV,7
6295-OSINB,0
3308-MHOOC,1
2309-OSFEU,6
2207-QPJED,0
4177-JPDFU,6
2239-CFOUJ,7
8046-DNVTL,6
2209-XADXF,6
6620-JDYNW,4
1891-FZYSA,0
4770-UEZOX,8
1038-RQOST,7
7613-LLQFO,8
4568-TTZRT,1
9513-DXHDA,3
2640-PMGFL,8
3801-HMYNL,4
0516-QREYC,1
9685-WKZGT,8
6022-UGGSO,8
8084-OIVBS,1
8896-BQTTI,1
3865-QBWSJ,4
3352-RICWQ,7
2160-GPFXD,5
2065-MMKGR,9
5857-TYBCJ,0
1498-NHTLT,5
4484-CGXFK,8
1402-PTHGN,3
4176-RELJR,1
6214-EDAKZ,3
5199-FPUSP,6
6377-KSLXC,1
1796-JANOW,1
0238-WHBIQ,5
8735-NBLWT,1
6651-RLGGM,7
6127-ISGTU,0
1614-JBEBI,1
8740-XLHDR,6
1208-DNHLN,2
1761-AEZZR,8
3923-CSIHK,8
5696-EXCYS,1
5795-KTGUD,5
7120-RFMVS,8
7924-GJZFI,8
4702-HDRKD,6
8512-WIWYV,1
5897-ZYEKH,0
5456-ITGIC,5
7317-GGVPB,5
1406-PUQVY,8
1322-AGOQM,6
3677-IYRBF,6
5692-FPTAH,4
9114-AAFQH,0
8715-KKTFG,9
1550-LOAHA,2
1728-BQDMA,8
0268-QKIWO,1
0876-WDUUZ,2
5117-ZSMHQ,5
5151-HQRDG,4
0960-HUWBM,5
6465-GSRCL,9
0617-FHSGK,2
0263-FJTQO,5
7319-ZNRTR,7
2858-MOFSQ,4
7503-EPSZW,7
7089-XXAYG,6
8118-LSUEL,0
8070-AAWZP,6
1666-JXLKU,0
7855-DIWPO,8
5133-POWUA,4
5652-MSDEY,4
7005-CCBKV,8
1810-BOHSY,9
1784-BXEFA,1
7351-MHQVU,6
9224-VTYID,5
9500-IWPXQ,3
5762-TJXGK,6
4504-YOULA,3
5569-IDSEY,9
4250-FDVOU,8
7284-ZZLOH,3
5277-ZLOOR,8
2141-RRYGO,9
1777-JYQPJ,6
6376-GAHQE,8
3401-URHDA,3
1599-EAHXY,7
8631-XVRZL,1
5052-PNLOS,9
3853-LYGAM,9
6979-ZNSFF,8
5751-USDBL,5
5680-LQOGP,5
2386-LAHRK,4
8189-DUKMV,1
6032-IGALN,6
9931-DCEZH,3
1898-JSNDC,2
0315-LVCRK,8
3911-RSNHI,6
2410-CIYFZ,1
4248-HCETZ,4
5505-OVWQW,1
7271-AJDTL,9
1867-TJHTS,2
0516-WJVXC,8
9174-FKWZE,1
6860-YRJZP,8
4429-WYGFR,4
2817-LVCPP,1
5038-ETMLM,5
5056-FIMPT,9
4521-WFJAI,1
6569-KTMDU,1
8809-RIHDD,0
8809-XKHMD,5
0396-YCHWO,0
0867-LDTTC,9
4822-NGOCH,8
9391-DXGGG,9
9844-FELAJ,0
2122-SZZZD,1
5307-DZCVC,2
3148-AOIQT,7
8679-JOEVF,8
8395-ETZKQ,7
6692-YQHXC,2
3889-VWBID,5
5222-JCXZT,1
9754-CLVZW,6
1432-FPAXX,6
2739-CCZMB,1
7080-TNUWP,9
0496-AHOOK,3
8336-TAVKX,5
2468-SJFLM,4
3181-VTHOE,6
7168-HDQHG,7
4803-AXVYP,0
3884-HCSWG,8
4567-AKPIA,9
5077-DXTCG,8
1142-WACZW,6
7901-HXJVA,8
5649-ANRML,9
4892-VLANZ,1
5924-IFQTT,0
7968-QUXNS,1
2919-HBCJO,2
4236-XPXAV,9
8903-WMRNW,0
2452-SNHFZ,2
3629-WEAAM,4
6029-CSMJE,6
7993-NQLJE,4
9909-DFRJA,9
9099-FTUHS,8
0581-BXBUB,8
4962-CHQPW,1
9467-ROOLM,1
3030-YZADT,4
7410-KTVFV,4
5150-ITWWB,0
2253-KPMNB,6
1345-ZUKID,1
6429-SHBCB,4
9281-OFDMF,0
2603-HVKCG,0
1834-WULEG,7
9097-ZUBYC,3
5148-ORICT,5
4893-GYUJU,1
4578-PHJYZ,3
7272-QDCKA,0
8908-SLFCJ,1
8393-DLHGA,0
9766-HGEDE,1
6968-MHOMU,6
7395-IGJOS,2
5044-XDPYX,7
1814-WFGVS,6
2834-SPCJV,8
3721-WKIIL,1
6734-CKRSM,1
1265-ZFOSD,5
6568-POCUI,5
7890-VYYWG,6
5197-LQXXH,5
9907-SWKKF,6
3457-PQBYH,7
7682-AZNDK,0
0587-DMGBH,8
5384-ZTTWP,7
3745-HRPHI,6
7636-OWBPG,6
1231-YNDEK,1
1407-DIGZV,7
6397-JNZZG,6
0570-BFQHT,8
4393-OBCRR,1
3523-QRQLL,9
8564-LDKFL,9
3696-DFHHB,1
0895-DQHEW,0
4717-GHADL,5
5501-TVMGM,8
5879-HMFFH,5
6772-WFQRD,1
3810-DVDQQ,5
6972-SNKKW,1
3694-GLTJM,1
8550-XSXUQ,9
8149-RSOUN,0
9055-MOJJJ,3
4359-INNWN,1
0585-EGDDA,8
4032-RMHCI,6
0549-CYCQN,2
3481-JHUZH,8
7250-EQKIY,4
3594-IVHJZ,1
6869-FGJJC,2
3896-ZVNET,7
8205-VSLRB,5
5960-MVTUK,6
6817-WTYHE,4
3082-VQXNH,6
4013-UBXWQ,0
4931-TRZWN,8
0750-EKNGL,1
7669-LCRSD,4
3567-PQTSO,0
5519-NPHVG,0
8043-PNYSD,7
9938-EKRGF,3
2703-AMTUL,3
0928-JMXNP,6
8173-RXAYP,7
4825-XJGDM,6
5402-HTOTQ,8
6734-JDTTV,7
7850-THJMU,7
3890-RTCMS,4
8849-GYOKR,9
3148-BLQJT,1
3717-FDJFU,7
3665-JATSN,6
7966-YOTQW,2
0461-CVKMU,3
8806-EAGWC,4
8853-TZDGH,5
7779-LGOVN,0
4324-BZCKL,4
6924-TDGMT,1
9710-ZUSHQ,9
1536-YHDOE,3
8123-QBNAZ,9
3629-ZNKXA,0
4827-LTQRJ,9
7711-YIJWC,3
5482-VXSXJ,4
7365-BVCJH,6
9620-ENEJV,2
4183-WCSEP,8
2378-YIZKA,5
5498-TXHLF,0
0689-DSXGL,3
6818-DJXAA,8
9722-UJOJR,8
0464-WJTKO,7
8902-ZEOVF,7
6778-EICRF,3
2662-NNTDK,1
4132-KALRO,9
3902-FOIGH,0
6772-KSATR,8
7112-OPOTK,8
2874-YXVVA,0
1245-HARPS,7
4210-QFJMF,8
4323-ELYYB,7
4293-ETKAP,5
6064-PUPMC,3
6504-VBLFL,3
6322-PJJDJ,0
0330-BGYZE,9
1085-LDWAM,7
7586-ZATGZ,8
7197-VOJMM,5
3318-OSATS,0
5828-AVIPD,0
1843-TLSGD,7
9626-VFRGG,2
7075-BNDVQ,6
9143-CANJF,3
7284-BUYEC,6
2041-JIJCI,8
1086-LXKFY,4
4900-MSOMT,5
2229-VWQJH,2
9194-GFVOI,5
1336-EZFZY,1
4282-MSACW,9
1403-LKLIK,7
2636-ALXXZ,8
7774-OJSXI,0
7786-WBJYI,2
0136-IFMYD,0
5144-TVGLP,0
9643-AVVWI,8
0253-ZTEOB,5
2706-QZIHY,7
6061-PQHMK,1
9885-CSMWE,8
6137-MFAJN,6
9122-UMROB,1
4232-JGKIY,1
2402-TAIRZ,8
9659-ZTWSM,9
9139-TWBAS,6
6685-GBWJZ,3
5016-ETTFF,6
3866-MDTUB,8
2195-VVRJF,2
3913-RDSJZ,7
8058-JMEQO,8
4203-QGNZA,1
5043-TRZWM,8
0697-ZMSWS,8
7657-DYEPJ,9
9494-BDNNC,0
1640-PLFMP,8
5366-OBVMR,4
8276-MQBYC,0
7593-XFKDI,4
4573-JKNAE,7
0337-CNPZE,0
9817-APLHW,1
8380-MQINP,7
0840-DFEZH,8
1513-XNPPH,8
8690-ZVLCL,5
6015-VVHHE,2
1125-SNVCK,4
0384-LPITE,6
4616-EWBNJ,1
6347-DCUIK,4
1335-HQMKX,0
2545-EBUPK,8
6923-AQONU,7
2172-EJXVF,0
0897-FEGMU,0
7663-RGWBC,4
1120-BMWUB,4
9124-LHCJQ,4
4536-PLEQY,2
7029-IJEJK,6
8871-JLMHM,5
2235-ZGKPT,4
3891-PUQOD,8
5447-VYTKW,4
3623-FQBOX,1
0689-NKYLF,8
8659-HDIYE,9
3658-KIBGF,8
3474-BAFSJ,6
5519-YLDGW,0
3865-ZFZIB,1
1855-AGAWH,0
7109-CQYUZ,5
1370-GGAWX,0
4680-KUTAJ,8
5307-UVGNB,6
4946-EDSEW,7
2883-ILGWO,9
2516-VQRRV,4
7580-UGXNC,4
3642-BYHDO,7
9629-NHXFW,7
2696-RZVZW,7
5766-FTRTS,5
0396-HUJBP,1
5178-LMXOP,0
8879-ZKJOF,9
6285-FTQBF,7
8185-UPYBR,8
4585-HETAI,8
7526-BEZQB,0
1474-JUWSM,3
3530-CRZSB,1
8498-XXGWA,4
9617-INGJY,4
0621-TSSMU,1
7234-KMNRQ,1
7636-PEPNS,4
4683-WYDOU,5
9052-DHNKM,3
6794-HKIAJ,2
5578-NKCXI,9
1642-HMARX,5
3096-WPXBT,9
8434-PNQZX,5
5950-AAAGJ,2
4299-OPXEJ,1
4951-UKAAQ,8
9618-LFJRU,1
6693-DJWTY,3
0744-GKNGE,3
6447-EGDIV,1
1167-OYZJF,7
2108-YKQTY,2
4806-DXQCE,5
4918-QLLIW,2
7056-IMHCC,0
4854-SSLTN,3
5294-DMSFH,9
4837-PZTIC,6
1625-JAIIY,0
0603-OLQDC,4
3272-VUHPV,3
4176-FXYBO,0
1063-DHQJF,5
8663-UPDGF,2
6719-FGEDO,5
1837-YQUCE,6
2947-DOMLJ,4
4112-LUEIZ,8
0369-ZGOVK,2
4510-HIMLV,8
9919-KNPOO,0
8749-JMNKX,0
7872-BAAZR,7
9391-LMANN,3
2430-USGXP,0
8174-TBVCF,5
1698-XFZCI,0
1877-HKBQX,4
4450-DLLMH,2
0428-AXXLJ,1
2746-DIJLO,2
5955-ERIHD,0
0917-EZOLA,0
3508-VLHCZ,5
4086-ATNFV,3
0468-YRPXN,9
5996-NRVXR,9
3739-YBWAB,6
7047-FWEYA,0
2000-MPKCA,0
9762-YAQAA,2
5949-EBSQK,3
5473-KHBPS,9
0100-DUVFC,0
5397-TUPSH,2
8950-MTZNV,4
0326-VDYXE,0
6773-LQTVT,6
7274-RTAPZ,8
0436-TWFFZ,5
8566-YPRGL,1
0311-UNPFF,9
6609-MXJHJ,7
2669-OIDSD,9
8400-WZICQ,3
3834-XUIFC,4
9576-SYUHJ,8
0410-IPFTY,2
2831-EBWRN,8
9430-NKQLY,7
8414-MYSHR,0
0247-SLUJI,7
9402-ORRAH,8
6483-OATDN,3
1293-HHSHJ,1
4840-ORQXB,0
7599-FKVXZ,9
3982-DQLUS,0
8610-ZIKJJ,7
3756-VNWDH,0
7801-KICAO,8
7673-LPRNY,0
8229-TNIQA,4
6060-QBMGV,7
7339-POGZN,8
2828-SLQPF,4
4465-VDKIQ,8
2921-XWDJH,8
6221-AVQYL,2
2558-BUOZZ,9
9257-AZMTZ,7
0003-MKNFE,4
0975-UYDTX,9
7743-EXURX,8
4682-BLBUC,3
0975-VOOVL,6
5968-VXZLG,4
5569-KGJHX,2
4988-IQIGL,8
5201-FRKKS,2
9799-CAYJJ,8
7730-IUTDZ,8
0426-TIRNE,1
5443-SCMKX,0
8295-KMENE,5
6738-ISCBM,6
9821-BESNZ,0
3678-MNGZX,7
1335-NTIUC,6
2916-BQZLN,8
4558-CGYCZ,1
2368-GAKKQ,5
8710-YGLWG,4
3199-XGZCY,8
3785-KTYSH,1
6814-ZPWFQ,1
4063-EIKNQ,7
6993-YCOBK,5
5206-HPJKM,2
7587-RZNME,8
0748-RDGGM,9
8393-JMVMB,1
5019-GQVCR,8
6036-TTFYU,1
2550-AEVRU,3
0969-RGKCU,7
0378-CJKPV,5
4706-AXVKM,2
5889-JTMUL,0
9026-RNUJS,8
3746-EUBYR,2
2332-EFBJY,1
2880-FPNAE,8
1703-MGIAB,4
4311-QTTAI,1
9474-PHLYD,8
4318-RAJVY,1
2165-VOEGB,9
3612-YUNGG,5
2254-DLXRI,4
5062-CJJKH,3
9028-LIHRP,5
2219-MVUSO,4
1053-MXTTK,5
1530-ZTDOZ,6
1301-LOPVR,6
0853-TWRVK,5
8914-RBTSB,0
6212-ATMLK,0
8200-LGKSR,5
1568-BEKZM,5
0670-ANMUU,9
6897-RWMUB,3
0963-ZBDRN,0
7594-RQHXR,8
6999-CHVCF,5
6134-KWTBV,1
1077-HUUJM,8
6331-EWIEB,8
0895-LNKRC,7
2045-BMBTJ,6
8417-GSODA,9
5171-EPLKN,1
4452-QIIEB,4
5998-VVEJY,8
1624-NALOJ,0
6741-EGCBI,2
7820-ZYGNY,2
4317-VTEOA,8
9677-AVKED,9
1670-SVOWZ,2
2227-JRSJX,9
9847-HNVGP,1
6696-YDAYZ,7
8980-WQFWL,8
1730-ZMAME,8
6506-EYCNH,7
4634-JLRJT,1
9501-UKKNL,6
2560-QTSBS,7
7541-YLXCL,4
4795-WRNVT,4
6080-TCMYC,0
0260-ZDLGK,4
7860-UXCRM,5
6357-JJPQT,8
2292-XQWSV,6
9552-TGUZV,4
5913-INRQV,3
8722-NGNBH,6
6210-KBBPI,9
9643-YBLUR,2
8734-FNWVH,3
9447-YPTBX,1
0133-BMFZO,8
6128-CZOMY,8
9540-JYROE,4
9026-LHEVG,6
2260-USTRB,2
3656-TKRVZ,8
7011-CVEUC,9
6185-TASNN,8
7925-PNRGI,3
8623-TMRBY,0
1552-CZCLL,7
3038-PQIUY,2
1501-SGHBW,4
9313-CDOGY,7
8148-BPLZQ,8
2623-DRYAM,0
9987-LUTYD,4
3208-YPIOE,8
4488-KQFDT,0
2612-RANWT,9
5693-PIPCS,5
0491-KAPQG,8
1925-LFCZZ,6
8039-EQPIM,6
6900-PXRMS,0
8707-RMEZH,9
3346-BRMIS,6
3209-ZPKFI,3
6479-VDGRK,5
9373-WSLOY,6
2933-FILNV,6
3569-JFODW,5
9819-FBNSV,2
9544-PYPSJ,9
1591-XWLGB,7
0396-UKGAI,3
3243-ZHOHY,1
5186-EJEGL,4
7527-QNRUS,7
9986-BONCE,1
2722-JMONI,8
2203-GHNWN,4
3878-AVSOQ,8
3258-SYSWS,5
5296-PSYVW,7
6319-QSUSR,1
4083-EUGRJ,1
7579-OOPEC,2
0512-FLFDW,9
1771-OADNZ,0
0487-CRLZF,5
2107-FBPTK,0
9451-WLYRI,1
8219-VYBVI,7
1991-VOPLL,1
9738-QLWTP,8
1016-DJTSV,8
9419-IPPBE,0
0174-QRVVY,7
5699-BNCAS,1
2900-PHPLN,7
0612-RTZZA,6
8106-GWQOK,6
8751-EDEKA,2
6878-GGDWG,1
4039-PIMHX,4
8450-LUGUK,7
3604-WLABM,8
0795-GMVQO,9
2259-OUUSZ,6
1142-IHLOO,9
6410-LEFEN,8
4633-MKHYU,4
6257-RJOHI,4
1545-JFUML,0
3194-ORPIK,2
7826-VVKWT,0
1353-GHZOS,3
2587-EKXTS,0
5442-BXVND,7
8816-VXNZD,8
9378-FXTIZ,9
1723-HKXJQ,0
7825-GKXMW,8
9753-OYLBX,1
2364-UFROM,3
6656-JWRQX,6
6473-ULUHT,3
1240-KNSEZ,1
0836-SEYLU,6
4433-JCGCG,0
3716-BDVDB,8
7688-AWMDX,3
2842-BCQGE,2
7244-QWYHG,6
5899-MQZZL,4
6849-OYAMU,9
5312-UXESG,9
9488-HGMJH,8
6038-GCYEC,6
2150-WLKUW,3
7159-FVYPK,9
7032-LMBHI,3
1150-WFARN,5
6088-BXMRG,0
3144-AUDBS,8
4821-SJHJV,0
7346-MEDWM,8
1137-DGOWI,3
5616-PRTNT,1
3812-LRZIR,7
4818-QIUFN,8
9483-GCPWE,1
4227-OJHAL,3
9220-CXRSC,3
4993-JCRGJ,4
9537-JALFH,7
6698-OXETB,1
2103-ZRXFN,4
3724-BSCVH,7
4877-TSOFF,3
9209-NWPGU,3
6961-VCPMC,8
7306-YDSOI,3
5288-AHOUP,8
6688-UZPWD,0
0655-YDGFJ,4
8468-EHYJA,0
6823-SIDFQ,1
1097-FSPVW,2
2839-RFSQE,1
8328-SKJNO,6
7010-ZMVBF,7
5201-CBWYG,7
0968-GSIKN,4
1965-DDBWU,2
9057-SIHCH,0
6352-GIGGQ,9
3635-QQRQD,1
6771-XWBDM,9
2897-DOVND,8
3082-YVEKW,5
0191-EQUUH,6
7134-HBPBS,5
3489-HHPFY,0
2926-JEJJC,1
8601-QACRS,4
4950-BDEUX,6
5789-LDFXO,1
0508-OOLTO,8
2984-TBYKU,5
9822-WMWVG,0
2391-SOORI,8
9040-KZVWO,2
2645-QTLMB,0
4806-HIPDW,8
1548-ARAGG,3
6339-RZCBJ,5
4424-TKOPW,0
4415-WNGVR,0
2522-AHJXR,9
0412-UCCNP,3
1816-FLZDK,6
7096-UCLNH,1
8443-ZRDBZ,8
9136-ALYBR,6
4615-PIVVU,5
8885-QSQBX,4
7479-NITWS,2
8617-ENBDS,2
9385-NXKDA,5
0430-IHCDJ,8
2959-MJHIC,8
6674-KVJHG,1
1814-DKOLC,1
4201-JMNGR,8
9351-HXDMR,5
3537-HPKQT,2
2129-ALKBS,7
5821-MMEIL,7
5960-WPXQM,8
0684-AOSIH,0
8260-NGFNY,6
1309-XGFSN,0
1866-RZZQS,0
6968-URWQU,4
4742-TXUEX,7
9631-XEYKE,4
8631-NBHFZ,5
1335-MXCSE,3
8873-TMKGR,1
8800-JOOCF,8
1469-LBJQJ,0
4958-XCBDQ,0
8337-UPOAQ,0
0064-YIJGF,2
2386-OWURY,8
1725-IQNIY,5
0310-VQXAM,1
6598-RFFVI,1
3453-RTHJQ,8
6712-OAWRH,8
6278-FEPBZ,1
4280-DLSHD,4
1508-DFXCU,8
8614-VGMMV,8
7868-BGSZA,0
2800-QQUSO,0
2930-UOTMB,3
7973-DZRKH,5
5914-DVBWJ,8
7698-YFGEZ,1
2533-QVMSK,0
9773-PEQBZ,8
8644-XLFBW,8
0650-BWOZN,8
8625-AZYZY,0
7785-RDVIG,7
9602-WCXPI,1
2903-YYTBW,8
3620-MWJNE,4
8573-JGCZW,1
6837-HAEVO,0
6701-YVNQG,5
9306-CPCBC,8
4304-XUMGI,5
9504-YAZWB,1
8819-ZBYNA,5
6174-NRBTZ,6
9481-IEBZY,9
1833-VGRUM,8
6137-NICCO,9
9065-ZCPQX,5
6402-EJMWF,4
3620-EHIMZ,7
6870-ECSHE,1
8747-UDCOI,7
8374-XGEJJ,0
2656-TABEH,0
6946-LMSQS,0
4626-OZDTJ,9
9169-BSVIN,9
2325-ZUSFD,3
8194-PEEBY,7
6872-HXFNF,3
3932-CMDTD,9
7714-YXSMB,9
8387-UGUSU,7
1080-BWSYE,7
4039-HEUNW,0
1194-HVAIF,9
0812-WUPTB,4
3594-UVONA,9
0004-TLHLJ,8
1767-TGTKO,8
8439-LTUGF,1
8805-JNRAZ,4
5089-IFSDP,5
6418-HNFED,5
0206-OYVOC,7
7291-CDTMJ,1
7128-GGCNO,2
0237-YFUTL,9
7691-KGKGP,3
6710-HSJRD,0
3675-EQOZA,1
0840-DCNZE,9
1732-FEKLD,9
9862-KJTYK,6
0479-HMSWA,5
5854-KSRBJ,7
0365-BZUWY,0
4817-VYYWS,0
5701-SVCWR,1
3129-AAQOU,7
4922-CVPDX,5
1396-QWFBJ,2
1357-BIJKI,0
1099-BTKWT,6
5299-SJCZT,9
2018-PZKMU,0
7340-KEFQE,6
4570-QHXHL,8
2403-BCASL,0
7392-YYPYJ,0
2898-LSJGD,6
2223-GDSHL,5
7359-PTSXY,8
9470-RTWDV,9
2176-OSJUV,3
9348-YVOMK,2
8104-OSKWT,8
4521-YEEHE,0
4090-KPJIP,8
3786-WOVKF,9
4503-BDXBD,8
6086-ESGRL,2
2592-HODOV,1
3886-CERTZ,0
7995-ZHHNZ,3
3824-RHKVR,1
5816-SCGFC,4
5989-AXPUC,5
4979-HPRFL,7
8590-OHDIW,7
8015-IHCGW,5
2332-TODQS,1
9278-VZKCD,0
8008-OTEZX,7
2773-OVBPK,5
5999-LCXAO,6
5206-XZZQI,4
4803-LBYPN,7
5759-RCVCB,6
6372-RFVNS,8
2139-FQHLM,4
8261-GWDBQ,5
1093-YSWCA,1
8938-UMKPI,0
0991-BRRFB,8
3882-IYOIJ,5
8749-TZYEC,7
1755-FZQEC,1
3115-JPJDD,2
5600-KTXFM,4
3871-IKPYH,8
6319-IEJWJ,0
9025-AOMKI,9
6339-TBELP,2
7964-YESJC,3
6173-GOLSU,9
5275-SQEIZ,4
7716-YTYHG,9
9938-ZREHM,3
7950-XWOVN,6
4390-KYULV,1
4647-MUZON,9
9702-AIUJO,3
8849-PRIQJ,0
8851-RAGOV,3
1304-NECVQ,8
5396-IZEPB,1
1729-VLAZJ,6
8285-ABVLB,7
0701-TJSEF,3
5712-VBOXD,1
6629-LADHQ,4
8945-GRKHX,8
1559-DTODC,6
4797-MIWUM,7
6959-UWKHF,8
8720-RQSBJ,8
4537-CIBHB,7
3815-SLMEF,6
5154-VEKBL,6
4324-AHJKS,2
4355-CVPVS,9
4495-LHSSK,4
5655-JSMZM,0
5915-ANOEI,5
9861-PDSZP,5
4505-EXZHB,8
7225-CBZPL,0
6704-UTUKK,6
4587-VVTOX,0
2019-HDCZY,0
4652-NNHNY,2
8788-DOXSU,4
7404-JLKQG,8
7421-ZLUPA,6
8972-HJWNV,0
3274-NSDWE,1
2632-IVXVF,5
3692-JHONH,0
8915-NNTRC,5
5914-GXMDA,1
7463-IFMQU,7
2920-RNCEZ,2
2541-YGPKE,3
8515-OCTJS,1
5382-TEMLV,4
3441-CGZJH,6
9592-ERDKV,3
2860-RANUS,2
5261-QSHQM,6
4778-IZARL,5
0432-CAJZV,4
7008-LZVOZ,7
8868-WOZGU,0
1200-TUZHR,8
9365-CSLBQ,7
1334-FJSVR,6
5884-FBCTL,7
7130-CTCUS,3
6242-FEGFD,5
7625-XCQRH,8
6194-HBGQN,9
7634-WSWDB,6
6986-IXNDM,8
1731-TVIUK,0
2987-BJXIK,5
9769-TSBZE,3
0406-BPDVR,9
0618-XWMSS,2
1395-WSWXR,1
6023-GSSXW,2
6752-APNJL,3
5276-KQWHG,8
0420-HLGXF,0
7446-KQISO,5
9823-EALYC,5
0582-AVCLN,1
5803-NQJZO,5
2565-JSLRY,1
2607-DHDAK,7
1073-XXCZD,7
0743-HRVFF,6
4006-HKYHO,5
3727-JEZTU,1
8143-ETQTI,7
6689-KXGBO,8
9667-TKTVZ,4
3657-COGMW,9
8570-KLJYJ,4
7754-IXRMC,4
9473-CBZOP,4
2969-WGHQO,3
6615-NGGZJ,0
4334-HOWRP,5
4255-DDUOU,7
5863-OOKCL,1
1686-STUHN,1
1329-VHWNP,6
2984-MIIZL,2
0266-GMEAO,5
5590-YRFJT,6
5574-NXZIU,5
0019-GFNTW,6
4256-ZWTZI,4
8309-PPCED,5
4098-NAUKP,0
5196-WPYOW,3
4608-LCIMN,3
1485-YDHMM,9
4054-CUMIA,7
0603-TPMIB,7
2525-GVKQU,1
8161-QYMTT,0
9581-GVBXT,6
5862-BRIXZ,6
5404-GGUKR,8
3308-JSGML,6
2126-GSEGL,5
3677-TNKIO,2
0440-QEXBZ,4
2434-EEVDB,5
6762-QVYJO,6
6199-IWKGC,0
2675-DHUTR,0
8152-VETUR,9
9667-EQRXU,6
7446-YPODE,2
9522-BNTHX,6
4676-WLUHT,6
3329-WDIOK,6
7980-MHFLQ,7
2873-ZLIWT,0
3415-TAILE,4
0757-WCUUZ,5
1629-DQQVB,4
1915-IOFGU,8
3045-XETSH,0
0374-AACSZ,8
7239-HZZCX,1
4872-VXRIL,3
9140-CZQZZ,5
3423-HHXAO,7
9938-TKDGL,5
0531-ZZJWQ,8
6537-QLGEX,6
2688-BHGOG,8
7683-CBDKJ,3
0946-CLJTI,0
3160-TYXLT,6
1325-USMEC,5
0916-QOFDP,0
0628-CNQRM,3
5606-AMZBO,2
6199-IPCAO,7
7665-TOALD,8
0112-QWPNC,3
0324-BRPCJ,0
2777-PHDEI,8
5640-CAXOA,6
2235-EZAIK,5
3847-BAERP,1
1196-AMORA,8
4282-YMKNA,8
1453-RZFON,4
8263-OKETD,2
0670-KDOMA,1
2476-YGEFM,2
8687-BAFGU,8
0641-EVBOJ,4
0829-XXPLX,2
9974-JFBHQ,9
5356-RHIPP,1
6624-JDRDS,6
0608-JDVEC,7
9780-FKVVF,4
1919-RTPQD,8
5214-NLTIT,5
3345-PBBFH,2
5055-BRMNE,5
9189-JWSHV,0
2190-PHBHR,5
2650-GYRYL,7
0746-JTRFU,6
5208-FVQKB,3
7184-LRUUR,3
6627-CFOSN,9
3982-JGSFD,1
1574-DYCWE,7
7247-XOZPB,3
2466-FCCPT,7
6211-WWLTF,5
4826-TZEVA,2
6016-NXBNJ,1
9138-EFSMO,3
0576-WNXXC,0
4632-XJMEX,3
8910-LEDAG,2
3452-GWUIN,0
2716-GFZOR,2
3724-UCSHY,7
8626-XHBIE,7
4628-CTTLA,6
3192-LNKRK,4
4439-YRNVD,6
2876-VBBBL,1
6834-NXDCA,6
2208-UGTGR,0
3005-TYFRD,9
8670-MEFCP,5
3079-BCHLN,1
7777-UNYHB,7
5597-GLBUC,8
7278-CKDNC,8
2748-MYRVK,9
8450-UYIBU,6
2969-VAPYH,3
4822-YCXMX,8
7181-OQCUT,9
8474-UMLNT,3
9821-POOTN,8
3836-FZSDJ,7
9142-XMYJH,1
6559-ILWKJ,6
0187-QSXOE,0
7733-UDMTP,6
2649-HWLYB,5
5214-CHIWJ,1
4229-CZMLL,8
6904-JLBGY,5
2465-BLLEU,1
1685-VAYJF,2
8874-EJNSR,7
6917-YACBP,8
5049-MUBWG,3
4223-WOZCM,4
0769-MURVM,5
9253-VIFJQ,3
7030-FZTFM,5
9741-YLNTD,2
5917-RYRMG,1
5120-ZBLAI,9
1194-BHJYC,6
3663-MITLP,0
0906-QVPMS,5
9025-ZRPVR,1
1905-OEILC,1
7858-GTZSP,8
3285-UCQVC,6
6248-BSHKG,7
4685-TFLLS,7
3470-BTGQO,4
1209-VFFOC,6
8224-DWCKX,2
5482-PLVPE,6
4553-DVPZG,0
4902-OHLSK,0
6917-IAYHD,6
0495-ZBNGW,2
8620-RJPZN,1
7572-KPVKK,0
2642-MAWLJ,7
2357-COQEK,0
7103-ZGVNT,3
3737-GCSPV,2
2027-WKXMW,0
7137-NAXML,1
2428-ZMCTB,1
2961-VNFKL,7
1768-HNVGJ,8
6963-KQYQB,7
5934-RMPOV,8
1207-BLKSA,7
4088-YLDSU,0
8316-BBQAY,6
1166-PQLGG,7
3146-JTQHR,1
4291-YZODP,1
4395-PZMSN,8
6427-FEFIG,5
0017-IUDMW,5
8706-HRADD,6
9955-QOPOY,6
4385-ZKVNW,3
5446-DKWYW,0
2034-CGRHZ,9
5797-APWZC,8
3683-QKIUE,4
4228-ZGYUW,0
9031-ZVQPT,0
2990-IAJSV,5
8107-KNCIM,8
9027-YFHQJ,1
5176-LDKUH,8
4644-OBGFZ,7
7926-IJOOU,1
6480-YAGIY,9
4029-HPFVY,4
7602-DBTOU,7
5345-BMKWB,1
3519-ZKXGG,8
5457-COLHT,5
6416-TVAIH,8
5451-YHYPW,5
5108-ADXWO,8
7998-WNZEM,5
3066-RRJIO,4
4664-NJCMS,6
0307-BCOPK,1
7629-WFGLW,3
2542-HYGIQ,1
6715-OFDBP,0
5016-LIPDW,7
6481-LXPWL,6
1567-DSCIC,0
2150-UWTFY,3
6124-ACRHJ,1
9362-MWODR,3
9975-GPKZU,7
9625-RZFUK,7
5153-LXKDT,5
5161-UBZXI,5
1020-JPQOW,0
7919-ZODZZ,3
0565-JUPYD,9
6867-ACCZI,6
5939-XAIXZ,4
9054-FOWNV,0
2683-BPJSO,8
2157-MXBJS,9
8207-VVMYB,7
9732-EQMWY,0
9360-AHGNL,9
1087-UDSIH,1
5269-NRGDP,3
6195-MELTI,4
5485-WUYWF,4
2121-JAFOM,5
8818-DOPVL,0
2632-UCGVD,9
5445-PZWGX,3
1227-UDMZR,5
5198-HQAEN,0
9170-CCKOU,2
2167-FQSTQ,5
2819-GWENI,7
1043-YCUTE,7
3814-MLAXC,2
3572-UUHRS,1
2692-PFYTJ,1
1226-UDFZR,4
5955-EPOAZ,1
6821-JPCDC,0
8815-LMFLX,7
9135-HSWOC,7
8582-KRHPJ,6
5811-IWXYM,9
7044-YAACC,8
8189-XRIKE,8
1506-YJTYT,5
4123-DVHPH,0
6425-YQLLO,9
5442-UTCVD,0
2228-BZDEE,1
7734-DBOAI,6
2789-CZANW,5
2091-RFFBA,8
2114-MGINA,4
7596-LDUXP,2
3740-RLMVT,3
4489-SNOJF,3
2192-OZITF,4
5651-CPDND,4
2186-QZEYA,2
1131-ALZWV,1
7729-XBTWX,7
9134-WYRVP,4
3284-SVCRO,7
9732-OUYRN,1
0559-CKHUS,7
2931-SVLTV,9
6899-PPEEA,0
7504-UWHNB,8
2582-FFFZR,6
8908-NMQTX,6
2187-LZGPL,6
1431-AIDJQ,5
6288-LBEAR,4
4597-NUCQV,0
9019-QVLZD,8
8413-YNHNV,5
5808-TOTXO,1
4369-NYSCF,9
6333-YDVLT,9
5324-KTGCG,1
5599-HVLTW,2
7394-LWLYN,8
3707-LRWZD,8
6873-UDNLD,8
2700-LUEVA,1
1455-ESIQH,8
0958-YHXGP,4
1101-SSWAG,8
2979-SXESE,0
4013-TLDHQ,8
5743-KHMNA,1
4194-FJARJ,3
5325-UWTWJ,2
3969-GYXEL,8
9208-OLGAQ,8
3244-CQPHU,5
2674-MLXMN,9
9708-HPXWZ,6
6992-TKNYO,3
4468-YDOVK,4
3754-DXMRT,8
5792-JALQC,2
7130-VTEWQ,8
2200-DSAAL,0
4302-ZYFEL,7
9351-LZYGF,3
4366-CTOUZ,9
6121-VZNQB,1
7903-CMPEY,8
1518-OMDIK,2
6671-NGWON,1
0595-ITUDF,0
6996-KNSML,8
1955-IBMMB,1
0096-BXERS,8
3806-YAZOV,1
7998-ZLXWN,1
6253-WRFHY,0
9133-AYJZG,9
2675-OTVVJ,0
8680-CGLTP,3
8430-TWCBX,1
5018-GWURO,2
6741-QRLUP,5
4737-HOBAX,5
0537-QYZZN,8
3340-QBBFM,3
1704-NRWYE,8
2592-SEIFQ,6
8200-KLNYW,3
3372-CDXFJ,7
4781-ZXYGU,7
7632-YUTXB,7
2718-YSKCS,7
9896-UYMIE,9
0853-NWIFK,0
8212-CRQXP,2
6980-CDGFC,1
7691-XVTZH,2
7481-ATQQS,2
2277-VWCNI,4
1088-CNNKB,3
8642-GVWRF,2
1930-BZLHI,1
3400-ESFUW,3
5868-YTYKS,1
3525-DVKFN,1
1482-OXZSY,9
0377-JBKKT,3
5778-BVOFB,4
3373-YZZYM,7
2057-ZBLPD,0
0228-MAUWC,8
5502-RLUYV,0
0023-HGHWL,6
7663-YJHSN,5
4915-BFSXL,5
3086-RUCRN,9
5215-LNLDJ,6
7576-JMYWV,0
9039-RBEEE,6
0257-KXZGU,3
1307-ATKGB,8
8417-FMLZI,2
3714-XPXBW,5
1850-AKQEP,1
2824-DXNKN,5
5227-JSCFE,6
0848-ZGQIJ,9
3621-CHYVB,6
8042-RNLKO,1
1792-UXAFY,0
5372-FBKBN,1
0420-TXVSG,5
6217-TOWGS,9
0515-YPMCW,4
0378-XSZPU,3
1045-LTCYT,7
1544-JJMYL,3
4636-JGAAI,4
6874-SGLHU,9
5951-AOFIH,2
4729-XKASR,6
3059-NGMXB,3
8652-YHIYU,2
5278-PNYOX,5
5449-FIBXJ,0
3486-HOOGQ,5
5061-PBXFW,3
8630-FJLIB,8
3891-NLXJB,6
4749-OJKQU,8
0577-WHMEV,0
5453-AXEPF,2
3639-XJHKQ,3
3716-LRGXK,5
2263-SFSQZ,7
9950-MTGYX,7
3397-AVTKU,8
4825-FUREZ,7
9837-BMCLM,8
2672-OJQZP,4
0137-UDEUO,1
3134-DSHVC,5
6161-UUUTA,8
7821-DPRQE,0
6543-XRMYR,0
2001-EWBQU,0
4925-LMHOK,2
1608-GMEWB,0
6695-AMZUF,5
1455-UGQVH,0
8410-BGQXN,1
8280-MQRQN,4
1619-YWUBB,7
7611-YKYTC,3
2037-SGXHH,0
3178-FESZO,9
0365-GXEZS,8
0082-OQIQY,0
6087-MVHJH,0
4603-JANFB,8
3018-TFTSU,2
3606-SBKRY,6
4806-KEXQR,8
0667-NSRGI,9
7083-YNSKY,1
6893-ODYYE,3
8242-JSVBO,4
2479-BRAMR,2
9541-ZPSEA,3
2665-NPTGL,0
1139-WUOAH,6
4693-VWVBO,1
7434-SHXLS,1
6937-GCDGQ,3
0988-JRWWP,8
5075-JSDKI,1
7908-QCBCA,4
8644-XYTSV,6
6711-FLDFB,8
3873-WOSBC,7
7465-ZZRVX,8
7975-JMZNT,5
7251-XFOIL,4
4116-IQRFR,7
3714-JTVOV,2
8259-DZLIZ,3
0442-ZXKVS,9
7853-WNZSY,1
3120-FAZKD,7
8606-OEGQZ,7
0225-ZORZP,8
4702-IOQDC,8
9489-JMTTN,5
0575-CUQOV,0
0967-BMLBD,7
6178-KFNHS,8
2830-LEWOA,9
5006-MXVRN,1
1264-BYWMS,0
9658-WYUFB,0
8327-WKMIE,1
6917-FIJHC,7
5329-KRDTM,5
7797-EJMDP,3
3530-VWVGU,7
2013-SGDXK,8
6368-NWMCE,2
3633-CDBUW,3
0707-HOVVN,5
8580-QVLOC,5
3956-MGXOG,8
9274-UARKJ,2
4077-HWUYD,5
2012-NWRPA,0
8808-ELEHO,8
0103-CSITQ,9
3506-LCJDC,7
8671-KKKOS,6
7305-ZWMAJ,1
9518-XXBXE,8
3934-HXCFZ,0
6578-KRMAW,2
4860-IJUDE,2
7666-WKRON,8
9688-YGXVR,2
0423-UDIJQ,4
1945-XISKS,7
4910-AQFFX,2
2154-KVJFF,8
5360-LJCNJ,5
2607-FBDFF,2
9647-ERGBE,0
3428-XZMAZ,8
1100-DDVRV,6
0378-TOVMS,8
4355-HBJHH,5
6728-WYQBC,1
9058-CBREO,4
9029-FEGVJ,4
7216-KAOID,7
0318-QUUOB,8
6145-NNPNO,4
5520-FVEWJ,0
5339-TJFEK,0
5572-ZDXHY,4
2074-GUHPQ,2
4625-XMOYM,7
5827-MWCZK,9
1385-TQOZW,1
5914-XRFQB,5
4329-YPDDQ,9
4804-NCPET,7
3750-CKVKH,8
5944-UGLLK,6
8063-GBATB,8
7787-BNTZM,1
2252-ISRNH,0
9415-TPKRV,3
5322-TEUJK,5
4547-KQRTM,2
4877-EVATK,1
1866-DIOQZ,6
8375-KVTHK,0
2697-NQBPF,0
3709-OIJEA,8
7639-SUPCW,2
1386-ZIKUV,1
0599-XNYDO,2
6377-WHAOX,0
6855-VLGOS,7
8999-XXGNS,9
8746-OQQRW,1
3181-MIZBN,7
0471-ARVMX,0
7766-CLTIC,4
5650-YLIBA,8
0825-CPPQH,7
9084-OAYKL,1
6122-LJADA,5
2400-XIWIO,5
7524-VRLPL,5
1069-XAIEM,8
7569-NMZYQ,5
5201-USSQZ,2
2105-PHWON,9
1494-EJZDW,7
4884-TVUQF,5
8003-EWNDZ,1
1897-RCFUM,7
9256-JTBNZ,1
4658-HCOHW,0
2211-RMNHO,5
2432-TFSMK,9
3440-JPSCL,9
4929-ROART,4
1834-ABKHQ,3
1741-WTPON,5
3932-IJWDZ,9
1240-HCBOH,1
3594-KADLU,6
8065-BVEPF,9
3796-ENZGF,5
1734-ZMNTZ,7
2853-CWQFQ,4
0813-TAXXS,5
2519-TWKFS,3
2889-FPWRM,9
0626-QXNGV,7
6723-CEGQI,6
6987-XQSJT,8
4732-RRJZC,7
9499-XPZXM,3
4338-EYCER,4
3007-FDPEA,1
6350-XFYGW,0
4290-BSXUX,2
8513-OLYGY,5
0311-QYWSS,8
8705-DWKTI,2
8755-IWJHN,0
0325-XBFAC,0
4480-QQRHC,2
0929-PECLO,2
3680-CTHUH,9
1202-KKGFU,3
6112-KTHFQ,1
1852-XEMDW,4
2462-XIIJB,0
4760-XOHVN,7
1820-DJFPH,7
9426-SXNHE,1
9068-FHQHD,7
1269-FOYWN,7
9470-YFUYI,3
7817-BOQPW,8
7402-EYFXX,0
1853-UDXBW,8
9895-VFOXH,6
5458-CQJTA,5
1230-QAJDW,4
5701-ZIKJE,4
5219-YIPTK,0
5032-MIYKT,4
7396-VJUZB,4
9717-QEBGU,8
5172-RKOCB,5
6509-TSGWN,7
3540-RZJYU,8
3178-CIFOT,1
2091-MJTFX,6
4530-NDRKU,7
5985-TBABQ,4
9800-ONTFE,2
6743-HHQPF,6
8455-HIRAQ,4
6616-AALSR,5
0883-EIBTI,1
9415-ZNBSX,5
4018-KJYUY,1
0722-TROQR,8
7571-YXDAD,2
3884-UEBXB,6
8780-RSYYU,1
5537-UXXVS,1
1791-PQHBB,2
8701-DGLVH,1
8741-LQOBK,6
3393-FMZPV,0
8082-GHXOP,4
6402-ZFPPI,9
0980-FEXWF,3
7486-KSRVI,0
3011-WQKSZ,1
8443-WVPSS,0
3006-XIMLN,9
8218-FFJDS,5
1986-PHGZF,2
9965-YOKZB,8
0504-HHAPI,2
9360-OMDZZ,0
6305-YLBMM,9
0345-XMMUG,5
8024-XNAFQ,5
3647-GMGDH,9
2988-GBIVW,0
2832-SCUCO,1
7036-ZZKBD,2
3791-LGQCY,0
0265-PSUAE,9
0463-TXOAK,7
0594-UFTUL,7
9509-MPYOD,1
9128-CPXKI,0
0129-KPTWJ,0
8166-ZZTFS,5
5855-EIBDE,5
5365-LLFYV,4
5956-YHHRX,0
6008-NAIXK,6
2956-GGUCQ,8
1928-BXYIV,8
5760-FXFVO,8
6595-COKXZ,4
0961-ZWLVI,9
5181-OABFK,3
4007-NHVHI,0
7816-VGHTO,6
5871-DGTXZ,1
7550-WIQVA,0
7544-ZVIKX,9
0016-QLJIS,5
7508-DQAKK,5
5176-OLSKT,3
9356-AXGMP,0
3556-BVQGL,1
0362-ZBZWJ,8
8979-CAMGB,0
4211-MMAZN,1
7581-EBBOU,9
4274-OWWYO,8
5073-RZGBK,3
1541-ETJZO,4
2192-CKRLV,6
3154-HMWUU,7
6119-SPUDB,6
6522-OIQSX,6
7813-ZGGAW,9
8748-HFWBO,7
1052-QJIBV,7
1319-YLZJG,8
4106-HADHQ,3
0723-FDLAY,9
3050-RLLXC,5
9298-WGMRW,5
2369-UAPKZ,9
3088-LHEFH,2
2778-OCLGR,6
6583-KQJLK,0
8544-JNBOX,1
6681-ZSEXG,5
6139-ZZRBQ,1
6116-RFVHN,0
0637-KVDLV,8
8884-FEEWR,1
3125-RAHBV,1
6633-MPWBS,8
0373-AIVNJ,6
8785-EPNCG,1
1682-VCOIO,1
5729-KLZAR,8
2072-ZVJJX,7
8849-AYPTR,0
9518-IMLHK,3
1582-RAFML,4
3646-ITDGM,1
8740-CRYFY,8
3569-VLDHH,3
8224-KDLKN,7
7594-LZNWR,2
4001-TSBTV,0
2962-XPMCQ,8
8727-XDPUD,6
1043-UXOVO,5
1064-FBXNK,7
3996-ZNWYK,7
2878-DHMIN,7
7762-ONLJY,7
1678-FYZOW,8
5795-BKOYE,3
8627-EHGIP,6
7402-PWYJJ,0
5480-TBGPH,9
0018-NYROU,8
7501-VTYLJ,4
7608-RGIRO,7
0480-BIXDE,0
5895-QSXOD,4
9814-AOUDH,1
6175-IRFIT,4
8760-ZRHKE,3
1622-HSHSF,1
8854-CCVSQ,8
6749-UTDVX,0
5542-DHSXL,4
9102-OXKFY,2
0511-JTEOY,4
5216-WASFJ,0
7808-DVWEP,1
7067-KSAZT,0
2284-VFLKH,9
0366-NQSHS,1
6532-YLWSI,1
3807-BPOMJ,0
3892-NXAZG,5
4948-WBBKL,2
4182-BGSIQ,7
9300-AGZNL,0
0988-AADSA,5
9972-NKTFD,4
3717-LNXKW,2
5734-EJKXG,9
2207-RYYRL,7
6729-FZWSY,1
9695-IDRZR,5
8144-DGHXP,5
7814-LEEVE,1
1112-CUNAO,8
5175-AOBHI,4
5174-RNGBH,4
8631-WUXGY,0
7270-BDIOA,8
9565-JSNFM,2
5906-DVAPM,3
6654-QGBZZ,1
8348-JLBUG,2
0607-DAAHE,7
5641-DMBFJ,5
9200-NLNPD,6
2664-XJZNO,5
9732-KPKBW,8
3339-EAQNV,9
0921-OHLVP,8
3389-YGYAI,0
9560-ARGQJ,8
8350-NYMVI,6
1600-DILPE,4
0536-ESJEP,5
4654-GGUII,6
6478-HRRCZ,3
8510-BBWMU,1
6857-TKDJV,7
2360-RDGRO,0
0584-BJQGZ,5
5134-IKDAY,8
1360-XFJMR,9
3070-DVEYC,4
5730-RIITO,6
9058-MJLZC,8
5707-ORNDZ,8
0902-XKXPN,7
5177-RVZNU,1
0056-EPFBG,6
8993-IZEUX,2
8696-JKZNU,8
5380-AFSSK,9
8190-ZTQFB,6
0931-MHTEM,9
2055-PDADH,8
7515-LODFU,1
0440-UEDAI,9
1337-BOZWO,6
0868-VJRDR,5
8714-EUHJO,0
6344-SFJVH,6
3950-VPYJB,3
8041-TMEID,5
7321-ZNSLA,6
6941-KXRRV,3
3721-CNEYS,8
8727-JQFHV,7
9475-NNDGC,9
1355-KUSBG,8
3688-FTHLT,2
0899-LIIBW,0
2568-OIADY,0
1384-RCUXW,4
5825-XJOCM,3
6848-YLDFR,3
8125-QPFJD,5
2320-YKQBO,1
1193-RTSLK,2
2302-ANTDP,0
5923-GXUOC,0
4973-RLZVI,3
7869-ZYDST,2
4501-UYKBC,9
1215-EXRMO,7
2305-MRGLV,2
8404-VIOMB,6
5233-GEEAX,6
2359-KLTEK,9
5304-EFJLP,5
2673-ZALNP,1
9184-GALIL,7
4393-RYCRE,0
9746-MDMBK,9
3162-ZJZFU,0
8404-GFGCZ,0
8875-AKBYH,8
4432-ADRLB,4
0533-UCAAU,9
1394-SUIUH,8
3521-MNKLV,4
2533-TIBIX,6
8993-PHFWD,6
1565-RHDJD,2
7137-RYLPP,0
3765-JXVKY,8
5092-STPKP,3
7330-WZLNC,8
0114-PEGZZ,0
3359-DSRKA,7
8639-NHQEI,5
7161-DFHUF,7
3957-LXOLK,0
3720-DBRWL,5
6635-MYYYZ,3
8565-WUXZU,2
5281-BUZGT,8
4994-OBRSZ,5
0562-FGDCR,5
2436-QBZFP,6
3420-YJLQT,8
6040-CGACY,1
6582-PLFUU,7
8242-PDSGJ,6
0264-CNITK,7
0089-IIQKO,9
7839-NUIAA,3
6075-QMNRR,4
5378-IKEEG,6
5966-EMAZU,9
0440-EKDCF,5
4774-HHGGS,7
2718-GAXQD,8
2055-BFOCC,9
8180-AKMJV,2
4298-OYIFC,0
5566-SOEZD,3
9842-EFSYY,6
2272-WUSPA,0
4584-LBNMK,1
3898-GUYTS,0
0930-EHUZA,3
6413-XKKPU,0
9975-SKRNR,1
3703-KBKZP,2
1449-XQEMT,1
2626-URJFX,8
4973-MGTON,5
3682-YEUWS,7
1223-UNPKS,7
2612-RRIDN,8
4735-ASGMA,0
3446-QDSZF,2
3669-LVWZB,6
6892-EZDTG,0
5117-IFGPS,0
7379-FNIUJ,0
1627-AFWVJ,1
9725-SCPZG,0
5884-GCYMI,4
3217-FZDMN,9
4486-EFAEB,1
0060-FUALY,0
7853-GVUDZ,7
7480-QNVZJ,0
6954-OOYZZ,4
7088-FBAWU,3
8313-AFGBW,5
3943-KDREE,2
9239-ZBZZV,6
3097-IDVPU,2
4398-HSCJH,8
2197-OMWGI,6
2303-PJYHN,1
9795-VOWON,6
1237-WIYYZ,1
1987-AUELQ,7
7852-LECYP,2
4430-UZIPO,6
4822-LPTYJ,5
8165-CBKXO,6
6527-PZFPV,7
4855-SNKMY,8
9593-CVZKR,7
8595-SIZNC,1
8008-HAWED,6
7124-UGSUR,9
1862-SKORY,6
5236-XMZJY,3
4827-DPADN,5
2694-CIUMO,2
5846-ABOBJ,7
1439-LCGVL,1
0909-SDHNU,6
4647-XXZAM,4
1502-XFCVR,0
7740-KKCXF,6
5360-XGYAZ,5
9692-TUSXH,8
7912-SYRQT,2
3557-HTYWR,5
4816-JBHOV,8
8920-NAVAY,9
1699-TLDLZ,7
5600-PDUJF,2
8292-TYSPY,2
0567-XRHCU,6
1867-BDVFH,8
2067-QYTCF,0
2359-QWQUL,9
9103-TCIHJ,4
7407-SUJIZ,1
9150-KPBJQ,1
0052-DCKON,9
3654-ARMGP,5
9699-UBQFS,0
9367-TCUYN,1
1261-FWTTE,6
3528-HFRIQ,6
0708-SJDIS,4
4140-WJAWW,1
2073-QBVBI,6
6928-ONTRW,7
3320-VEOYC,0
5231-FIQPA,1
6617-WLBQC,3
2599-CIPQE,5
6653-CBBOM,8
8774-GSBUN,7
7326-RIGQZ,8
1401-FTHFQ,7
3247-ZVOUO,0
0254-FNMCI,5
1848-LBZHY,3
6101-IMRMM,4
8118-TJAFG,0
5429-LWCMV,8
7298-IZWLY,1
9758-MFWGD,6
3955-JBZZM,8
1268-ASBGA,2
8943-URTMR,4
4815-TUMEQ,1
4713-LZDRV,8
9909-IDLEK,3
4092-OFQZS,1
1561-BWHIN,7
4325-NFSKC,8
9927-DSWDF,0
9500-LTVBP,2
7252-NTGSS,4
8149-AIQCG,2
1360-JYXKQ,0
2955-PSXOE,1
7762-URZQH,5
0899-WZRSD,9
3255-GRXMG,2
4828-FAZPK,2
6094-ZIVKX,3
6925-BAYGL,7
3262-EIDHV,5
7354-OIJLX,8
1376-HHBDV,4
6907-NZZIJ,0
6133-OZILE,6
4135-FRWKJ,3
2911-UREFD,6
3744-ZRRDZ,8
5673-TIYIB,6
6551-ZCOTS,1
7191-ADRGF,6
5018-LXQQG,3
6892-BOGQE,7
1602-IJQQE,8
4628-WQCQQ,8
1746-TGTWV,2
5995-SNNEW,0
8050-WYBND,6
2821-WARNZ,1
4879-GZLFH,0
1644-IRKSF,0
8314-HTWVE,7
9402-ROUMJ,9
2507-QZPQS,8
7159-NOKYQ,0
5707-ZMDJP,3
8779-YIQQA,7
7136-IHZJA,3
8966-OIQHG,7
7074-STDCN,6
3705-PSNGL,1
8739-QOTTN,1
1399-OUPJN,7
0277-BKSQP,8
6502-HCJTI,2
2606-RMDHZ,6
5774-XZTQC,7
2676-SSLTO,2
6266-QHOJZ,8
7269-JISCY,4
0363-SVHYR,5
8547-NSBBO,4
8258-GSTJK,8
6861-OKBCE,1
9940-RHLFB,8
6591-QGOYB,9
9070-BCKQP,5
6421-SZVEM,3
1328-EUZHC,7
2995-UPRYS,9
8878-RYUKI,8
9633-DENPU,2
7811-JIVPF,2
7113-HIPFI,3
8541-QVFKM,8
6686-YPGHK,4
1383-EZRWL,1
9258-CNWAC,5
5371-VYLSX,8
6374-AFWOX,3
4759-TRPLW,8
5317-FLPJF,6
7621-VPNET,2
6034-YMTOB,4
8563-IIOXK,3
4903-CNOZC,9
4353-HYOJD,4
8020-BWHYL,2
7267-FRMJW,7
2982-VPSGI,0
4188-FRABG,0
8199-ZLLSA,9
4128-ETESU,0
0620-DLSLK,4
4625-EWPTF,6
5980-NOPLP,0
3850-OKINF,3
6892-XPFPU,0
8010-EZLOU,8
1156-ZFYDO,1
3295-YVUSR,4
8016-NCFVO,0
4119-ZYPZY,0
5549-ZGHFB,7
7577-SWIFR,8
0303-WMMRN,1
6408-OTUBZ,9
5204-HMGYF,3
1078-TDCRN,6
3727-OVPRY,7
3797-FKOGQ,8
7622-NXQZR,6
6196-HBOBZ,0
3970-XGJDU,1
7017-VFULY,1
5562-YJQGT,1
8807-OPMBM,7
5439-WIKXB,0
9874-QLCLH,0
8294-UIMBA,9
8109-YUOHE,4
5840-NVDCG,3
8092-NLTGF,1
5928-QLDHB,8
9840-EFJQB,8
0696-UKTOX,3
4801-KFYKL,1
3472-OAOOR,6
6135-OZQVA,8
8062-YBDOE,8
2252-JHJGE,0
4188-PCPIG,5
6000-APYLU,8
7105-BENQF,3
7721-DVEKZ,1
3566-VVORZ,4
9507-HSMMZ,1
2480-SQIOB,8
0947-IDHRQ,4
7813-TKCVO,1
0128-MKWSG,6
3672-YITQD,0
4350-ZTLPI,9
9048-JVYVF,8
0361-HJRDX,6
5727-MYATE,5
3823-KYNQY,1
8988-ECPJR,2
7570-WELNY,2
3021-VLNRJ,3
3776-EKTKM,6
2080-CAZNM,0
1028-FFNJK,0
6907-FLBER,8
3001-UNBTL,0
5982-PSMKW,5
3507-GASNP,7
7096-ZNBZI,7
1902-XBTFB,0
1676-MQAOA,5
0786-IVLAW,9
7566-DSRLQ,0
0643-OKLRP,8
7245-JMTTQ,0
6050-IJRHS,0
6202-JVYEU,1
8591-TKMZH,5
0734-OXWBT,4
4282-ACRXS,6
0365-TRTPY,2
7349-ALMUX,3
9381-NDKME,6
6502-KUGLL,3
1841-YSJGV,5
2794-XIMMO,6
8382-SHQEH,0
3511-BFTJW,6
7668-XCFYV,0
2983-ZANRP,2
7845-URHJN,1
3034-ZBEQN,6
5018-HEKFO,1
3976-NLDEZ,1
2282-YGNOR,3
5336-UFNZP,0
6854-EXGSF,2
1241-EZFMJ,7
9233-PSYHO,9
5376-PCKNB,9
8044-BGWPI,7
4060-LDNLU,0
3589-PPVKW,4
8327-LZKAS,0
5887-IKKYO,5
1075-BGWOH,0
1755-RMCXH,7
0302-JOIVN,0
3858-XHYJO,9
4299-SIMNS,8
7025-IWFHT,8
6261-LHRTG,2
7841-FCRQD,3
2056-EVGZL,9
8777-MBMTS,5
7753-USQYQ,8
5366-IJEQJ,0
7661-CPURM,2
6233-HXJMX,2
5902-WBLSE,7
1981-INRFU,8
4971-PUYQO,9
3239-TPHPZ,7
5115-GZDEL,5
3338-CVVEH,0
8485-GJCDN,4
2615-YVMYX,0
2851-STERV,0
4393-GEADV,5
8486-AYEQH,8
1527-SXDPN,5
6029-WTIPC,0
8634-CILSZ,9
5419-JKZNQ,4
2495-KZNFB,8
1409-PHXTF,0
4560-WQAQW,3
9591-YVTEB,6
9309-BZGNT,6
4274-DRSQT,9
2027-DNKIV,3
8075-GXIUB,1
2885-HIJDH,5
5424-RLQLC,4
6682-QJDGB,4
6507-DTJZV,2
8780-IXSTS,8
7673-BQGKU,7
6723-WSNTY,9
9530-EHPOH,8
2725-IWWBA,3
0345-HKJVM,8
1061-PNTHC,9
0394-YONDK,7
6574-MCOEH,0
7399-QHBJS,3
3049-SOLAY,0
0997-YTLNY,4
3317-HRTNN,6
9479-HYNYL,5
3235-ETOOB,8
9708-KFDBY,1
8058-INTPH,8
3642-GKTCT,9
0774-RMNUW,6
1334-PDUKM,2
0756-MPZRL,6
2242-MFOTG,2
2927-CVULT,5
2144-BFDSO,9
8745-PVESG,6
7647-GYYKX,7
5647-FXOTP,0
5569-OUICF,9
8821-XNHVZ,4
2082-OJVTK,0
9700-ISPUP,3
9839-ETQOE,6
6078-VESFR,2
9027-TMATR,5
5940-NFXKV,0
1941-HOSAM,0
9110-HSGTV,5
0704-VCUMB,7
6171-ZTVYB,3
8053-WWDRO,1
9564-KCLHR,4
1935-IMVBB,4
2535-PBCGC,5
2082-CEFLT,8
1470-PSXNM,0
1213-NGCUN,4
2498-XLDZR,5
9866-OCCKE,5
5338-YHWYT,3
7718-UPSKJ,9
8731-WBBMB,5
1448-CYWKC,9
7901-IIDQV,3
2690-DVRVK,7
5688-KZTSN,7
1270-XKUCC,7
0334-ZFJSR,3
2894-QOJRX,6
5747-PMBSQ,9
5583-EJXRD,5
4565-EVZMJ,3
3143-JQEGI,0
6386-SZZKH,5
3327-YBAKM,9
9441-QHEVC,1
6705-LNMDD,4
2580-ASVVY,6
3370-GQEAL,0
5032-USPKF,9
2982-IHMFT,4
3521-SYVOR,8
4254-QPEDE,5
6283-GITPX,5
9526-JAWYF,8
0771-CHWSK,5
9788-HNGUT,5
9495-REDIY,6
5375-XLDOF,5
1172-VIYBP,3
5649-VUKMC,9
6559-PDZLR,0
8992-OBVDG,4
4273-MBHYA,8
4724-WXVWF,8
5701-GUXDC,6
1460-UZPRJ,7
6082-GLJIX,1
5143-EGQFK,6
4919-IKATY,0
2495-TTHBQ,1
0485-ZBSLN,7
3810-PJUHR,7
9050-QLROH,2
0847-HGRML,7
8232-CTLKO,3
9227-YBAXE,5
6168-WFVVF,8
9860-LISIZ,1
0112-QAWRZ,9
0877-SDMBN,9
2786-GCDPI,0
4043-MKDTV,0
8065-YKXKD,8
9637-EIHEQ,8
9229-RQABD,1
8313-KTIHG,8
5320-BRKGK,5
6284-KMNUF,0
9689-PTNPG,8
9465-RWMXL,8
6229-UOLQL,6
2362-IBOOY,8
3137-LUPIX,4
0843-WTBXE,2
6143-JQKEA,2
8676-OOQEJ,6
5515-IDEJJ,7
9701-CDXHR,4
7450-NWRTR,0
8124-NZVGJ,6
2162-FRZAA,6
5376-DEQCP,8
5118-MUEYH,9
9095-HFAFX,2
5627-TVBPP,1
2379-ENZGV,8
3936-QQFLL,1
2589-AYCRP,1
4067-HLYQI,2
5124-EOGYE,1
5057-RKGLH,7
0292-WEGCH,0
8910-ICHIU,9
4097-YODCF,0
9715-WZCLW,0
9786-YWNHU,3
6407-GSJNL,1
6005-OBZPH,0
4049-ZPALD,5
7932-WPTDS,6
3733-UOCWF,2
6833-JMZYP,9
2722-VOJQL,9
1310-QRITU,8
8961-QDZZJ,0
9715-SBVSU,3
8490-BXHEO,2
7173-TETGO,2
7929-SKFGK,5
2300-RQGOI,1
3563-SVYLG,3
5228-EXCET,8
6435-VWCCY,2
4998-IKFSE,0
8630-QSGXK,5
2455-USLMV,2
7394-FKDNK,0
9488-FVZCC,5
6331-LWDTQ,2
5995-WWKKG,1
1597-FZREH,0
7879-CGSFV,9
9921-EZKBY,9
7432-FFVAR,3
7246-ZGQDF,3
7000-WCEVQ,4
0727-IWKVK,8
5959-BELXA,2
4456-RHSNB,3
3512-IZIKN,5
2481-SBOYW,7
7109-MFBYV,8
1833-TCXKK,9
1832-PEUTS,5
6141-OOXUQ,1
8660-BUETV,4
0580-PIQHM,9
5696-CEIQJ,5
7503-ZGUZJ,4
1696-HXOWK,3
3026-ATZYV,3
4012-YCFAI,3
2506-TNFCO,8
9970-QBCDA,1
8718-PTMEZ,6
9496-IVVRP,3
2207-OBZNX,4
2657-VPXTA,0
6551-VLJMV,7
1221-GHZEP,4
9289-LBQVU,3
6142-VSJQO,4
3458-IDMFK,1
6933-FHBZC,4
0221-NAUXK,1
9770-KXGQU,9
6437-UKHMV,8
6538-POCHL,2
6726-NNFWD,5
3002-WQZWT,8
4277-UDIEF,3
1208-NBVFH,8
4912-PIGUY,8
1114-CENIM,2
6060-DRTNL,4
2725-TTRIQ,5
3374-TTZTK,5
8990-ZXLSU,8
2275-RBYQS,4
8473-VUVJN,8
6289-CPNLD,3
5536-SLHPM,8
4419-UJMUS,0
7794-JASDG,4
7609-YBPXG,5
5519-TEEUH,1
7856-GANIL,9
0804-XBFBV,6
2676-OXPPQ,4
3703-TTEPD,3
2799-TSLAG,7
0196-VULGZ,0
8837-VVWLQ,8
2696-NARTR,8
2208-NKVVH,7
7614-QVWQL,6
1976-CFOCS,8
4631-OACRM,8
7139-JZFVG,3
4987-GQWPO,6
3755-JBMNH,2
1757-TCATG,7
6345-ULYRW,9
4776-XSKYQ,6
8048-DSDFQ,1
5753-QQWPW,3
6010-DDPPW,7
1809-DMJHQ,4
6693-FRIRW,9
6586-MYGKD,5
3173-NVMPX,4
0248-PGHBZ,5
0623-GDISB,4
2892-GESUL,7
6923-EFPNL,2
7472-EQOAV,3
9574-RKJIF,0
2043-WVTQJ,4
8034-RYTVV,2
3863-QSTYI,8
2619-WFQWU,4
5044-LRQAQ,2
1716-LSAMB,3
1333-PBMXB,7
6546-OPBBH,7
5985-BEHZK,9
9127-QRZMH,3
5919-VCZYM,1
9644-KVCNC,9
2137-DQMEV,6
8174-LNWMW,1
9279-CJEOJ,0
7964-VEXDG,8
2404-JIBFC,5
0778-NELLA,6
8029-XYPWT,5
4614-NUVZD,8
4632-PAOYU,7
3803-KMQFW,7
6804-GDMOI,0
2990-OGYTD,5
6646-JPPHA,8
9572-MTILT,0
7658-UYUQS,2
7880-XSOJX,6
9611-CTWIH,8
4589-IUAJB,7
0329-GTIAJ,0
8746-BFOAJ,1
8457-XIGKN,1
6072-NUQCB,7
6629-CZTTH,4
8838-GPHZP,1
8750-QWZAJ,7
5364-EVNIB,8
6918-UMQCG,8
0675-NCDYU,5
6339-DKLMK,6
1346-PJWTK,9
5088-QZLRL,1
8023-QHAIO,2
4397-FRLTA,1
3057-VJJQE,4
5087-SUURX,6
2302-OUZXB,5
8133-ANHHJ,9
2270-CHBFN,2
0013-EXCHZ,4
5982-FPVQN,0
9107-UKCKY,0
4654-ULTTN,5
5550-VFRLC,8
5546-BYZSM,1
1492-KGETH,3
4929-BSTRX,4
4163-HFTUK,1
8215-NGSPE,7
2225-ZRGSG,5
8859-YSTWS,1
5271-YNWVR,5
7601-DHFWZ,1
2657-ALMWY,8
6330-JKLPC,2
4667-OHGKG,1
1998-VHJHK,1
1707-HABPF,9
1660-HSOOQ,4
7253-UVNDW,2
0487-VVUVK,7
7228-OMTPN,8
5063-IUOKK,1
4508-OEBEY,3
0027-KWYKW,0
2308-STERM,1
5982-XMDEX,1
6284-AHOOQ,2
6051-PTVNS,7
2344-JMOGN,9
3799-ISUZQ,2
2877-VDUER,6
9152-AMKAK,5
1794-HBQTJ,2
9432-VOFYX,8
8049-WJCLQ,4
6586-PSJOX,3
2460-FPSYH,6
9705-ZJBCG,3
4818-DRBQT,2
1320-HTRDR,8
6847-KJLTS,9
9670-BPNXF,3
3913-FCUUW,5
3301-VKTGC,3
1493-AMTIE,1
9555-SAHUZ,3
0816-TSPHQ,1
9932-WBWIK,1
4619-EVPHY,9
5286-YHCVC,5
6424-ELEYH,2
4391-RESHN,9
9115-YQHGA,8
4462-CYWMH,2
8963-MQVYN,1
2458-EOMRE,3
9334-GWGOW,8
6821-BUXUX,0
5028-HTLJB,1
9801-GDWGV,0
6542-LWGXJ,6
5567-GZKQY,1
1222-LRYKO,1
2320-JRSDE,7
2087-QAREY,4
0601-WZHJF,6
4423-JWZJN,9
5143-WMWOG,1
6490-FGZAT,1
5393-RXQSZ,8
7452-FOLON,1
2320-TZRRH,1
0231-LXVAP,8
9444-JTXHZ,8
4942-VZZOM,3
5510-BOIUJ,1
7502-BNYGS,9
4291-HYEBC,6
6147-CBCRA,1
6047-SUHPR,3
4471-KXAUH,8
9752-ZNQUT,8
7638-QVMVY,8
1576-PFZIW,5
5666-MBJPT,1
7312-XSBAT,8
3096-GKWEB,0
2371-JQHZZ,0
0674-GCDXG,5
1121-QSIVB,9
4396-KLSEH,1
3244-DCJWY,8
2824-MYYBN,0
0875-CABNR,2
6345-HOVES,6
8318-LCNBW,6
6469-QJKZW,1
0147-ESWWR,0
1217-VASWC,9
7812-FZHPE,7
6370-ZVHDV,7
5915-DGNVC,3
6260-XLACS,1
3566-CAAYU,6
4983-CCWMC,4
9103-CXVOK,7
2896-TBNBE,8
4797-AXPXK,3
5229-PRWKT,8
6982-UQZLY,1
2522-WLNSF,3
3841-CONLJ,6
5057-LCOUI,6
0193-ESZXP,9
4475-NVTLU,7
4369-HTUIF,2
9386-LDCZR,3
9585-KKMFD,7
5399-ZIMKF,8
0336-KXKFK,6
5619-XZZKR,1
3948-FVVRP,3
5327-XOKKY,5
0983-TATYJ,4
1813-JYWTO,2
0156-FVPTA,3
1984-FCOWB,0
0654-HMSHN,0
6719-OXYBR,8
3312-ZWLGF,8
6476-YHMGA,3
5287-QWLKY,9
0795-XCCTE,1
0168-XZKBB,0
3785-NRHYR,1
5196-SGOAK,8
4537-DKTAL,8
7072-MBHEV,2
5602-BVFMK,1
6297-NOOPG,0
1891-UAWWU,0
8204-TIFGJ,1
8050-DVOJX,5
6108-OQZDQ,0
0363-QJVFX,9
8903-XEBGX,8
8169-SAEJD,6
9840-DVNDC,2
1089-XZWHH,7
2325-WINES,9
6064-ZATLR,3
3096-JRDSO,9
7824-PANSQ,2
8042-JVNFH,4
9648-BCHKM,7
2888-ADFAO,7
8707-HOEDG,5
3374-LXDEV,8
4072-IPYLT,3
7167-PCEYD,1
4936-YPJNK,1
1580-BMCMR,8
4817-KEQSP,7
6408-WHTEF,5
9251-AWQGT,7
8749-CLJXC,1
7989-VCQOH,3
5049-GLYVG,1
4199-QHJNM,5
8882-TLVRW,6
5883-GTGVD,0
5135-GRQJV,5
2384-OVPSA,1
1371-WEPDS,8
3580-GICBM,7
4817-QRJSX,2
9730-DRTMJ,3
4686-UXDML,9
3349-ANQNH,0
2398-YPMUR,8
0932-YIXYU,1
7480-SPLEF,7
7636-XUHWW,1
1431-CYWMH,7
5937-EORGB,0
6349-JDHQP,1
5539-HIVAK,1
5847-MXBEO,1
9985-MWVIX,4
4583-PARNH,0
1116-FRYVH,6
1421-HCERK,9
9633-XQABV,8
0716-BQNDX,8
1265-XTECC,9
1183-CANVH,3
1972-XMUWV,2
8679-LZBMD,9
3407-JMJQQ,5
6252-DFGTK,3
1539-LNKHM,1
8645-KOMJQ,5
0289-IVARM,3
9761-XUJWD,4
4057-FKCZK,2
4291-TPNFG,5
6087-YPWHO,5
3090-QFUVD,1
2237-ZFSMY,8
1722-LDZJS,7
1818-ESQMW,8
4871-JTKJF,8
1415-YFWLT,8
7401-RUBNK,8
0506-YLVKJ,7
8661-BOYNW,5
6711-VTNRE,8
4815-GBTCD,6
2805-AUFQN,1
0980-PVMRC,6
7233-DRTRF,0
3500-RMZLT,4
3873-NFTGI,2
1162-ECVII,5
7048-GXDAY,0
8571-ZCMCX,5
1169-WCVAK,2
4548-SDBKE,8
8066-POXGX,6
7129-CAKJW,2
8695-ARGXZ,8
3570-YUEKJ,8
4143-OOBWZ,8
1555-HAPSU,7
1697-NVVGY,3
7854-EKTJL,1
8464-EETCQ,1
2419-FSORS,0
8132-YPVBX,4
9102-IAYHT,0
6754-LZUKA,5
3422-LYEPQ,8
8099-MZPUJ,5
0787-LHDYT,1
2642-DTVCO,8
0374-IOEGQ,8
4361-JEIVL,8
3197-NNYNB,5
3396-DKDEL,5
1752-OZXFY,4
9066-QRSDU,1
9112-WSNPU,8
9867-NNXLC,1
5321-NTRKC,5
1363-TXLSL,8
9507-EXLTT,2
3161-GETRM,2
0402-OAMEN,7
6933-VLYFX,6
6754-WKSHP,1
9846-GKXAS,9
6017-PPLPX,8
4976-LNFVV,6
5055-MGMGF,0
4641-FROLU,7
2862-JVEOY,1
2969-QWUBZ,6
9822-BIIGN,3
2077-MPJQO,8
1534-OULXE,3
7136-RVDTZ,6
2971-SGAFL,0
1480-IVEVR,2
2905-KFQUV,2
4581-SSPWD,8
3370-HXOPH,8
9391-YZEJW,9
9958-MEKUC,5
0281-CNTZX,7
6927-WTFIV,2
4118-CEVPF,9
3398-ZOUAA,8
9114-VEPUF,0
7876-BEUTG,4
2338-BQEZT,2
9873-MNDKV,4
0378-NHQXU,0
8241-JUIQO,1
2194-IIQOF,5
4512-ZUIYL,2
9631-RXVJM,1
9584-EXCDZ,2
7969-AULMZ,0
5093-FEGLU,7
2621-UDNLU,1
7526-IVLYU,1
2428-HYUNX,7
9214-EKVXR,4
3410-MHHUM,0
0568-ONFPC,7
0733-VUNUW,2
4550-EVXNY,8
2122-YWVYA,8
2968-SSGAA,0
2296-DKZFP,5
4844-JJWUY,8
6777-TGHTM,9
8909-BOLNL,1
6603-YRDCJ,3
3538-WZPHD,6
3229-USWAR,9
2138-VFAPZ,7
6131-JLWZM,1
4785-QRJHC,6
0269-XFESX,7
1709-EJDOX,7
4316-XCSLJ,4
8610-WFCJF,0
9693-XMUOB,6
0383-CLDDA,5
4905-JEFDW,6
2709-UQGNP,4
3549-ZTMNH,7
7881-INRLC,9
8033-ATFAS,4
1635-NZATJ,7
0562-HKHML,7
8277-RVRSV,7
9943-VSZUV,4
0117-LFRMW,6
6172-FECYY,0
7054-ENNGU,4
1455-HFBXA,5
9402-CXWPL,0
1628-BIZYP,8
1965-AKTSX,8
0082-LDZUE,4
4786-UKSNZ,1
5343-SGUBI,4
0856-NAOES,4
1976-AZZPJ,6
7248-VZQLC,2
6156-UZDLF,2
3099-OONVS,3
9500-WBGRP,1
5183-KLYEM,5
5144-PQCDZ,1
8514-VZHEB,7
6625-IUTTT,3
9355-NPPFS,8
0068-FIGTF,9
5965-GGPRW,5
8035-PWSEV,8
2236-HILPA,7
1840-BIUOG,0
1356-MKYSK,5
6080-LNESI,1
1830-IPXVJ,7
5828-DWPIL,0
8398-TBIYD,2
0011-IGKFF,0
4192-GORJT,0
6496-SLWHQ,0
9912-GVSEQ,0
2931-FSOHN,8
9418-RUKPH,7
5383-MMTWC,0
9971-ZWPBF,0
4712-AUQZO,6
9711-FJTBX,3
2908-ZTPNF,6
7240-ETPTR,6
2202-CUYXZ,8
5995-OIGLP,4
8421-WZOOW,9
6261-RCVNS,3
7951-QKZPL,7
1414-YADCW,3
8756-RDDLT,6
2862-PFNIK,6
5816-QVHRX,9
4430-YHXGG,1
6888-SBYAI,4
7395-XWZOY,6
7169-YWAMK,3
3640-PHQXK,0
6877-LGWXO,8
6859-RKMZJ,4
2729-VNVAP,7
2957-JIRMN,8
2049-BAFNW,6
3842-QTGDL,3
7163-OCEQI,9
9782-LGXMC,3
5975-BAICR,3
8019-ENHXU,0
5167-GBFRE,6
9033-EOXWV,4
4673-KKSLS,8
4853-OITSN,0
9800-OUIGR,7
1324-NLTJE,2
2324-EFHVG,9
7094-MSZAO,7
1522-VVDMG,0
6907-CQGPN,6
0780-XNZFN,1
0239-OXEXL,4
2675-IJRGJ,1
7049-GKVZY,3
8577-QSOCG,7
3721-CNZHX,1
0212-ISBBF,6
9185-TQCVP,0
3585-YNADK,3
5271-DBYSJ,2
1099-GODLO,7
6828-HMKWP,7
5567-WSELE,0
1472-TNCWL,0
8063-RJYNF,8
0687-ZVTHB,3
2080-GKCWQ,8
9661-ACXBS,0
2193-SFWQW,5
5656-JAMLX,1
3462-BJQQA,8
0442-TDYUO,7
6733-LRIZX,5
9503-XJUME,1
4367-NHWMM,6
3727-RJMEO,0
3779-OSWCF,5
6736-DHUQI,3
3915-ODIYG,0
1360-RCYRT,6
2724-FJDYW,6
4451-RWASJ,7
6646-VRFOL,0
3460-TJBWI,7
5917-HBSDW,7
5685-IIXLY,0
5671-UUNXD,0
0956-ACVZC,9
2325-NBPZG,8
4250-ZBWLV,0
4482-FTFFX,8
8859-DZTGQ,1
0440-MOGPM,0
0020-JDNXP,6
3752-CQSJI,7
5025-GOOKI,1
4698-KVLLG,1
5095-AESKG,2
2887-JPYLU,4
4770-QAZXN,1
4896-CPRPF,7
1871-MOWRM,3
9714-EDSUC,4
2027-OAQQC,6
0282-NVSJS,6
9090-SGQXL,0
6595-YGXIT,0
7353-YOWFP,1
9835-ZIITK,0
8008-ESFLK,9
7537-CBQUZ,9
1555-DJEQW,5
5649-TJHOV,6
0519-XUZJU,4
3363-EWLGO,1
4750-UKWJK,1
6338-AVWCY,6
1689-YQBYY,8
4487-ZYJZK,7
2959-FENLU,2
0708-LGSMF,8
9253-QXKBE,0
7634-HLQJR,7
0487-RPVUM,5
4079-ULGFR,1
2516-XSJKX,5
0057-QBUQH,7
9445-SZLCH,9
6599-SFQVE,8
8331-ZXFOE,3
4003-FUSHP,2
0356-ERHVT,4
7325-ENZFI,6
4884-ZTHVF,8
3920-HIHMQ,4
3055-OYMSE,2
0613-WUXUM,7
7568-PODML,6
4458-KVRBJ,1
5349-IECLD,0
1397-XKKWR,6
3945-GFWQL,8
8097-OMULG,3
6013-BHCAW,5
0401-WDBXM,5
3387-PLKUI,7
6096-EGVTU,7
3797-VTIDR,6
5081-NWSUP,4
2580-ATZSQ,3
8085-MSNLK,5
9691-HKOVS,9
9881-VCZEP,8
9526-BIHHD,6
8757-TFHHJ,2
4523-WXCEF,0
1468-DEFNC,7
5119-KEPFY,0
8364-TRMMK,4
0916-KNFAJ,5
8319-QBEHW,6
3063-QFSZL,8
8775-LHDJH,0
9625-QNLUX,5
3097-NQYSN,4
4024-CSNBY,5
7110-BDTWG,6
7493-GVFIO,1
0690-SRQID,1
9605-WGJVW,8
9114-DPSIA,5
4700-UBQMV,3
7711-GQBZC,7
3565-UNOCC,0
4627-MIHJH,5
9795-NREXC,5
8573-CGOCC,1
7356-AYNJP,1
9249-FXSCK,9
5493-SDRDQ,4
6286-SUUWT,1
4819-HJPIW,6
8654-DHAOW,4
5438-QMDDL,4
9812-GHVRI,2
5553-AOINX,0
1228-ZLNBX,4
4226-KKDON,8
3831-YCPUO,5
7445-WMRBW,9
3308-DGHKL,1
9924-JPRMC,5
0080-EMYVY,2
6218-KNUBD,8
7337-CINUD,7
7609-NRNCA,1
0623-EJQEG,8
7153-CHRBV,3
0871-URUWO,9
9190-MFJLN,9
6198-PNNSZ,9
3317-VLGQT,8
4132-POCZS,6
5614-DNZCE,5
1095-JUDTC,0
3896-RCYYE,6
9638-JIQYA,6
3258-SANFR,2
3726-TBHQT,5
3190-ITQXP,7
0870-VEMYL,3
4833-QTJNO,2
3039-MJSLN,1
0178-CIIKR,1
5385-SUIRI,0
3982-XWFZQ,8
5774-QPLTF,7
2322-VCZHZ,0
5010-IPEAQ,5
4009-ALQFH,0
6383-ZTSIW,9
8990-YOZLV,4
3069-SSVSN,6
5222-IMUKT,8
3627-FCRDW,8
7562-GSUHK,2
6685-XSHHU,7
8901-UPRHR,5
4903-UYAVB,1
0118-JPNOY,2
6776-TLWOI,1
3845-FXCYS,1
5857-XRECV,1
0725-CXOTM,9
4343-EJVQB,4
9000-PLFUZ,6
3427-GGZZI,0
7779-ORAEL,5
0644-OQMDK,8
4077-CROMM,0
3154-CFSZG,3
2868-MZAGQ,8
4847-QNOKA,4
2220-IAHLS,1
1658-XUHBX,2
6379-RXJRQ,8
2378-HTWFW,2
8650-RHRKE,6
4377-VDHYI,3
0475-RIJEP,8
1260-TTRXI,8
3719-TDVQB,7
6328-ZPBGN,0
0201-MIBOL,9
4937-QPZPO,0
2925-VDZHY,5
6981-TDRFT,6
3413-CSSTH,2
8033-VCZGH,0
4789-KWMXN,9
0224-NIJLP,7
7542-CYDDM,1
4718-WXBGI,5
2867-UIMSS,8
8495-PRWFH,8
0439-IFYUN,8
5716-LIBJC,9
2868-LLSKM,3
8111-RKSPX,2
2988-QRAJY,5
1585-MQSSU,4
0071-NDAFP,7
2856-NNASM,4
7328-ZJAJO,7
6458-CYIDZ,8
8559-CIZFV,3
1090-PYKCI,9
3058-WQDRE,6
7547-EKNFS,9
2279-AXJJK,2
6769-DYBQN,8
0909-SELIE,5
3417-TSCIC,6
1042-HFUCW,3
4439-JMPMT,8
6537-OTKMY,6
8999-EXMNO,7
6725-TPKJO,1
2446-BEGGB,0
7162-WPHPM,5
1599-MMYRQ,3
8821-KVZKQ,6
1496-GGSUK,6
6434-TTGJP,5
0042-JVWOJ,1
0130-SXOUN,2
2575-GFSOE,8
2330-PQGDQ,3
1452-UZOSF,5
2097-YVPKN,1
2842-JTCCU,4
8597-CTXVJ,3
6631-HMANX,5
9962-BFPDU,7
3296-SILRA,4
9681-OXGVC,0
6394-HHHZM,1
5995-LFTLE,1
5180-UCIIQ,6
1932-UEDCX,0
7153-OANIO,8
5188-HGMLP,2
0665-XHDJU,0
6521-YYTYI,0
8878-HMWBV,8
8265-HKSOW,5
3544-FBCAS,5
5331-RGMTT,9
4759-PXTAN,0
7054-DMVAS,3
3428-MMGUB,0
6549-BTYPG,6
7823-JSOAG,8
3705-RHRFR,5
9374-YOLBJ,7
9074-KGVOX,6
6128-DAFVY,6
9933-QRGTX,0
4476-OSWTN,9
3751-KTZEL,6
1977-STDKI,8
5066-GFJMM,1
2661-GKBTK,5
0458-HEUZG,6
7268-WNTCP,7
0824-VWDPO,9
8409-WQJUX,6
2578-JQPHZ,5
3278-FSIXX,4
5813-UECBU,2
0328-GRPMV,8
9746-UGFAC,1
2946-KIQSP,6
0625-AFOHS,7
6726-WEXXK,0
4636-OLWOE,3
4342-HENTK,8
4685-ERGHK,8
0885-HMGPY,5
5003-OKNNK,7
4195-SMMNX,1
7208-PSIHR,5
4012-ZTHBR,8
0489-WMEMG,8
7435-ZNUYY,1
1354-YZFNB,7
6956-SMUCM,9
2985-FMWYF,0
2812-ENYMO,6
2717-HVIZY,1
3223-WZWJM,8
3422-GALYP,8
9053-JZFKV,5
2530-ENDWQ,0
2890-WFBHU,3
0327-WFZSY,0
7977-HXJKU,7
6615-ZGEDR,1
7033-CLAMM,7
4023-RTIQM,6
0864-FVJNJ,9
7356-IWLFW,2
9541-PWTWO,5
3967-VQOGC,7
7872-RDDLZ,8
9250-WYPLL,8
6308-CQRBU,5
2754-XBHTB,2
1597-LHYNC,0
0186-CAERR,9
3043-SUDUA,1
5442-BHQNG,8
2169-RRLFW,7
5872-OEQNH,6
3162-KKZXO,0
7055-VKGDA,9
0754-UKWQP,0
8873-GLDMH,4
5696-JVVQY,5
8946-BFWSG,7
7493-TPUWZ,8
0547-HURJB,1
8904-OPDCK,6
8845-LWKGE,3
1577-HKTFG,1
8752-STIVR,8
0691-NIKRI,9
5022-JNQEQ,8
4558-FANTW,3
3249-VHRIP,6
3736-BLEPA,9
4701-LKOZD,5
6603-QWSPR,5
9921-QFQUL,4
1929-ZCBHE,6
4378-MYPGO,5
8651-ENBZX,0
4129-LYCOI,0
7798-JVXYM,8
8647-SDTWQ,8
2696-ECXKC,9
2081-KJSQF,1
7623-TRNQN,4
3323-CPBWR,2
9330-IJWIO,0
3384-CTMSF,0
0902-RFHOF,1
9286-DOJGF,2
6048-QBXKL,2
9661-MHUMO,2
7718-RXDGG,2
1025-FALIX,2
3451-VAWLI,7
3407-QGWLG,1
1842-EZJMK,0
2347-WKKAE,0
8735-DCXNF,3
3214-IYUUQ,3
1936-UAFEH,5
3587-PMCOY,0
8079-XRJRS,3
1027-LKKQQ,5
7148-XZPHA,3
8073-IJDCM,1
5309-TAIKL,4
6856-RAURS,4
8778-LMWTJ,8
9717-IOAAF,7
8884-ADFVN,0
2845-KDHVX,5
0848-SOMKO,6
2720-WGKHP,0
6734-FQAJX,0
2869-ADAWR,2
1535-VTJOQ,1
6368-TZZDT,7
0943-ZQPXH,9
1293-BSEUN,7
9894-EZEWG,2
1302-TPUBN,1
7851-FLGGQ,6
0637-UBJRP,8
0940-OUQEC,2
2378-VTKDH,0
0927-CNGRH,1
8608-OZTLB,3
2335-GSODA,6
1952-DVVSW,1
0702-PGIBZ,0
6656-GULJQ,5
9853-JFZDU,3
1963-VAUKV,1
3777-XROBG,7
6994-FGRHH,0
4000-VGMQP,9
3999-WRNGR,6
3466-RITXD,2
2680-XKKNJ,3
3058-HJCUY,0
2974-GGUXS,2
7994-XIRTR,3
3259-FDWOY,5
2101-RANCD,8
7921-BEPCI,3
0807-ZABDG,4
8510-TMWYB,5
3258-ZKPAI,5
1428-IEDPR,5
5298-GSTLM,9
4450-YOOHP,6
6728-CZFEI,4
5748-RNCJT,5
3653-NCRDJ,7
6121-TNHBO,3
5119-NZPTV,8
6519-ZHPXP,5
7739-LAXOG,9
3472-QPRCH,7
8224-UAXBZ,6
9610-WCESF,6
9776-CLUJA,8
2486-WYVVE,9
3865-ZYKAD,2
1422-DGUBX,8
2999-AANRQ,5
8668-KNZTI,3
0480-KYJVA,7
6034-ZRYCV,6
9746-YKGXB,6
3926-YZVVX,3
6000-UKLWI,1
2079-FBMZK,4
6332-FBZRI,3
2096-XOTMO,7
3266-FTKHB,1
8221-EQDGL,3
2346-LOCWC,7
6608-QQLVK,8
0298-XACET,6
7560-QJAVJ,5
2995-YWTCD,7
3551-HUAZH,8
9137-UIYPG,0
2809-ZMYOQ,0
5084-OOVCJ,3
0254-WWRKD,3
7727-SHVZV,1
6302-JGYRJ,9
5339-PXDVH,8
2205-LPVGL,3
8782-NUUOL,3
3685-YLCMQ,0
7601-WFVZV,1
4609-KNNWG,7
4868-AADLV,0
9529-OFXHY,2
8634-MPHTR,0
2669-QVCRG,2
2478-EEWWM,6
9174-IHETN,2
2233-TXSIU,6
9644-UMGQA,3
3256-EZDBI,6
8761-NSOBC,0
0419-YAAPX,2
8413-VONUO,0
0872-CASZJ,3
4726-DLWQN,2
8164-OCKUJ,7
3094-JOJAI,4
9494-MRNYX,8
2599-CZABP,8
7945-PRBVF,1
4544-RXFMG,4
0859-YGKFW,7
1150-FTQGN,3
9223-UCPVT,0
7196-LIWRH,1
5448-VWNAM,3
1177-XZBJL,3
3518-FSTWG,5
9330-VOFSZ,5
4351-QLCSU,2
0939-EREMR,4
9389-ACWBI,2
5419-JPRRN,0
3644-QXEHN,0
2911-IJORQ,9
5921-NGYRH,4
2100-BDNSN,3
5998-DZLYR,5
0488-GSLFR,8
9318-NKNFC,1
3985-HOYPM,1
9728-FTTVZ,8
9548-LERKT,7
6576-FBXOJ,6
4310-KEDTB,6
7254-IQWOZ,8
2474-BRUCM,0
4062-HBMOS,0
0742-NXBGR,8
2676-ISHSF,1
9236-NDUCW,6
4753-PADAS,9
6103-QCKFX,3
7781-EWARA,6
6110-OHIHY,8
7018-FPXHH,3
5889-LFOLL,8
5708-EVONK,9
8708-XPXHZ,0
0616-ATFGB,6
0572-ZJKLT,5
5135-RDDQL,3
1353-LJWEM,8
1794-SWWKL,3
6166-YIPFO,6
7016-BPGEU,6
6876-ADESB,8
9332-GYWLO,8
1963-SVUCV,8
4184-VODJZ,0
0220-EBGCE,8
1092-WPIVQ,7
7233-IOQNP,6
2834-JKOOW,6
2754-VDLTR,0
2400-FEQME,7
3190-XFANI,9
7551-DACSP,4
4957-SREEC,7
7235-NXZCP,4
0230-UBYPQ,6
4923-ADWXJ,4
1763-KUAAW,1
1104-TNLZA,0
5195-KPUNQ,9
0520-FDVVT,9
3439-GVUSX,6
1444-VVSGW,9
5712-PTIWW,8
5949-HGVJL,0
5203-XEHAX,3
1635-HDGFT,7
3315-TOTBP,4
8050-XGRVL,3
6661-HBGWL,9
1518-VOWAV,8
9828-QHFBK,8
3908-MKIMJ,6
5012-YSPJJ,3
5909-ECHUI,8
1309-BXVOQ,0
6728-VOIFY,0
9317-WZPGV,2
4891-NLUBA,6
2856-HYAPG,8
8969-PRHFK,1
0661-KQHNK,7
8709-KRDVL,0
4488-PSYCG,1
1427-VERSM,0
9801-NOSHQ,1
6339-YPSAH,8
3621-CEOVK,0
6906-ANDWJ,2
2159-TURXX,1
1548-FEHVL,0
3795-CAWEX,5
6215-NQCPY,0
5647-URDKA,7
2229-DPMBI,7
9626-WEQRM,6
2188-SXWVT,4
6258-PVZWJ,5
1094-BKOSX,6
6969-MVBAI,0
2978-XXSOG,4
2342-CKIAO,1
6953-PBDIN,5
3898-BSJYF,3
3938-YFPXD,5
7696-AMHOD,9
2453-SAFNS,4
9558-IHEZX,5
9617-UDPEU,1
6340-DACFT,7
4955-VCWBI,7
6813-GZQCG,7
7426-GSWPO,9
3389-KTRXV,7
3118-UHVVQ,7
1031-IIDEO,8
5832-XKAES,2
3205-MXZRA,3
4701-AHWMW,6
8317-BVKSO,1
5702-KVQRD,5
0083-PIVIK,3
9210-IAHGH,9
6169-PGNCD,5
0023-XUOPT,0
4592-IWTJI,6
4909-JOUPP,5
4657-FWVFY,9
2257-BOVXD,2
7729-JTEEC,8
7632-MNYOY,9
6518-LGAOV,0
7242-QZLXF,6
4576-CSAJH,3
1000-AJSLD,1
9696-RMYBA,4
8690-UPCZI,3
1062-LHZOD,4
9770-LXDBK,1
4086-WITJG,7
8344-WFMFH,8
9600-NAXZN,0
8822-KNBHV,9
8404-FYDIB,2
2791-SFVEW,1
6457-USBER,8
6762-NSODU,7
4662-EKDPQ,4
9248-OJYKK,8
9888-ZCUMM,6
3398-FSHON,0
3319-DWOEP,0
1074-WVEVG,1
9979-RGMZT,9
6437-UDQJM,5
1226-IENZN,8
2108-GLPQB,2
9259-PACGQ,3
4415-IJZTP,8
1465-VINDH,9
5474-LAMUQ,1
3468-DRVQJ,3
1122-YJBCS,3
4990-ALDGW,1
4816-OKWNX,9
3315-IKYZQ,6
2810-FTLEM,8
4747-LCAQL,4
3411-WLRSQ,2
0898-XCGTF,9
8006-PYCSW,1
8249-THVEC,7
8722-PRFDV,5
2164-SOQXL,7
4020-KIUDI,7
5850-BDWCY,1
2038-YSEZE,4
0827-ITJPH,1
8799-OXZMD,6
1925-TIBLE,0
1705-GUHPV,1
4779-ZGICK,7
0048-PIHNL,1
0818-OCPZO,8
3967-KXAPS,5
1447-GIQMR,8
3704-IEAXF,6
6810-VCAEX,6
0674-EYYZV,8
4480-MBMLB,9
1395-OFUWC,6
0822-QGCXA,0
0872-NXJYS,8
2832-KJCRD,0
3588-WSTTJ,0
5090-EMGTC,5
2346-CZYIL,1
3798-EPWRR,8
6258-NGCNG,1
4186-ZBUEW,4
5274-XHAKY,9
1442-BQPVU,6
3978-YNKDD,7
4940-KHCWD,6
9412-ARGBX,5
1389-CXMLU,0
9589-ABEPT,5
9388-ZEYVT,6
0305-SQECB,6
7605-SNLQG,2
4670-TABXH,5
5561-NWEVX,8
0064-SUDOG,7
8561-NMTBD,9
5161-XEUVX,5
8292-FRFZQ,6
8591-NXRCV,3
7895-VONWT,6
4526-RMTLL,5
6253-GNHWH,3
4566-NECEV,0
8080-POTJR,9
6906-MPARY,9
3662-FXJFO,1
8107-RZLNV,5
0516-OOHAR,9
2027-CWDNU,8
2737-WFVYW,6
9912-OMZDS,0
3733-ZEECP,8
7878-RTCZG,1
2452-MRMZF,7
2272-QAGFO,8
7103-IPXPJ,0
4342-HFXWS,3
3545-CNWRG,0
1785-BPHTP,0
4989-LIXVT,0
7315-WYOAW,0
1173-XZPYF,0
9850-OWRHQ,2
3768-NLUBH,0
8676-TRMJS,4
2509-TFPJU,7
9530-GRMJG,5
6898-RBTLU,5
5481-NTDOH,9
2068-WWXQZ,1
7359-SSBJK,5
2061-VVFST,1
0685-MLYYM,8
0749-IRGQE,6
2380-DAMQP,5
2256-YLYLP,5
1272-ILHFG,7
0164-XAIRP,1
5666-CYCYZ,8
4011-ARPHK,4
8182-PNAGI,4
6365-HITVU,5
7558-IMLMT,7
9488-FYQAU,5
3590-TCXTB,1
6994-KERXL,8
7957-RYHQD,2
2180-DXNEG,0
1960-UOTYM,5
2740-JFBOK,1
6500-JVEGC,9
5515-AKOAJ,0
8976-OQHGT,3
5245-VDBUR,6
6230-BSUXY,8
8469-SNFFH,3
2144-ESWKO,6
1241-FPMOF,1
9928-BZVLZ,6
4114-QMKVN,3
9003-CPATH,8
1754-GKYPY,0
5294-CDGWY,6
7956-XQWGU,1
1591-MQJTP,9
5295-PCJOO,8
2369-FEVNO,1
9863-JZAIC,4
7471-MQPOS,3
7660-HDPJV,8
5115-SQAAU,7
9845-QOMAD,7
7672-VFMXZ,3
9739-JLPQJ,5
9916-AYHTC,1
3855-ONCAR,4
1488-SYSFC,7
7931-PXHFC,4
3990-QYKBE,0
0970-QXPXW,1
3259-KNMRR,5
6120-RJKLU,5
9572-WUKSB,6
5893-KCLGT,7
0076-LVEPS,6
3640-JQGJG,3
4919-MOAVT,8
1596-OQSPS,8
9867-XOBQA,6
9546-KDTRB,1
3090-HAWSU,5
9820-RMCQV,2
3174-RKMOW,0
1760-CAZHT,1
7839-QRKXN,1
8441-SHIPE,1
5204-QZXPU,6
4597-ELFTS,1
1320-GVNHT,5
1047-RNXZV,1
3541-ZNUHK,8
8450-JOVAH,3
8725-JEDFD,4
7562-UXTPG,4
8071-SBTRN,5
1113-IUJYX,9
6668-CNMFP,9
5626-MGTUK,2
5681-LLOEI,3
8212-DJRCH,4
4323-OHFOW,9
4933-BSAIP,7
2030-BTZRO,7
1116-DXXDF,0
9274-CNFMO,8
7758-XKCBS,6
8992-JQYUN,6
6563-VNPMN,2
0617-AQNWT,6
2267-WTPYD,9
0270-THENM,5
2446-PLQVO,8
4707-MAXGU,7
2710-WYVXG,4
3005-NFMTA,0
6300-BWMJX,0
8784-CGILN,9
5389-FFVKB,2
7009-LGECI,4
8444-WRIDW,2
5022-KVDQT,8
7976-CICYS,1
1036-GUDCL,3
2005-DWQZJ,7
8148-WOCMK,7
7815-PDTHL,1
9451-LPGOO,8
9173-IVZVP,7
9129-UXERG,9
3635-JBPSG,6
7964-ZRKKG,9
5868-YWPDW,0
6229-LSCKB,8
2025-JKFWI,9
4078-SAYYN,0
1724-IQWNM,1
8217-QYOHV,4
5546-QUERU,1
9940-HPQPG,3
6897-UUBNU,4
6127-IYJOZ,4
6618-RYATB,4
8930-XOTDP,4
5916-QEWPT,9
5060-TQUQN,2
0531-XBKMM,3
8465-SBRXP,5
2408-PSJVE,3
9079-YEXQJ,0
9700-ZCLOT,1
8738-JOKAR,3
4534-WGCIR,7
1930-WNXSB,0
2685-SREOM,0
3508-CFVZL,5
0402-CQAJN,9
6692-UDPJC,0
1273-MTETI,0
0657-DOGUM,3
5480-HPRRX,6
8792-AOROI,3
0295-PPHDO,0
5146-YYFRZ,1
1195-OIYEJ,8
5906-CVLHP,3
3452-SRFEG,2
4070-OKWVH,9
5297-MDOIR,2
6369-MCAKO,5
4926-UMJZD,4
6848-HJTXY,7
6341-AEVKX,0
4501-EQDRN,2
2990-HWIML,8
0682-USIXD,8
6976-BWGLQ,7
7078-NVFAM,6
8065-QBYTO,9
2133-TSRRM,9
7384-GHBPI,6
7603-USHJS,2
7234-FECYN,0
2511-ALLCS,7
3191-CSNMG,8
7952-OBOYL,4
7470-DYNOE,8
7853-OETYL,6
1545-ACTAS,9
5876-HZVZM,3
1400-MMYXY,0
5126-RCXYW,6
3085-QUOZK,4
2363-BJLSL,9
1956-YIFGE,9
3926-CUQZX,4
7921-LMDFQ,9
2925-MXLSX,9
5820-PTRYM,3
9609-BENEA,0
6211-WHMYA,6
4459-BBGHE,6
9945-PSVIP,7
1041-RXHRA,2
1750-CSKKM,8
9108-EJFJP,4
0530-IJVDB,5
0508-SQWPL,7
2215-ZAFGX,8
8213-TAZPM,9
7142-HVGBG,0
1304-SEGFY,0
7242-EDTYC,7
2904-GGUAZ,2
8267-ZNYVZ,0
5136-GFPMB,2
2595-KIWPV,7
5243-SAOTC,2
9398-MMQTO,2
7619-PLRLP,3
6457-GIRWB,8
6508-NJYRO,1
1450-SKCVI,8
4710-NKCAW,3
5306-BVTKJ,3
0357-NVCRI,1
5570-PTWEH,2
2371-KFUOG,9
0463-ZSDNT,4
6502-MJQAE,8
6257-DTAYD,5
4616-ULAOA,5
7693-LCKZL,8
7746-AWNQW,6
5996-EBTKM,5
2758-RNWXS,8
2314-TNDJQ,5
2405-LBMUW,6
3454-JFUBC,1
0032-PGELS,6
9039-ZVJDC,1
6797-LNAQX,5
9013-AQORL,6
2898-MRKPI,9
2750-BJLSB,9
3648-GZPHF,6
2075-RMJIK,4
9588-YRFHY,1
6394-MFYNG,9
1564-NTYXF,8
9364-YKUVW,1
5392-AKEMH,8
2451-YMUXS,5
3914-FDRHP,8
3078-ZKNTS,7
1024-KPRBB,9
4690-PKDQG,0
8155-IBNHG,2
0886-QGENL,0
9547-ITEFG,9
1264-FUHCX,6
7789-CRUVC,2
6598-KELSS,6
8739-WWKDU,0
8685-WHQPW,2
4745-LSPLO,1
8083-YTZES,8
7240-FQLHE,9
6664-FPDAC,0
9972-VAFJJ,0
0422-UXFAP,0
1904-WAJAA,3
5130-YPIRV,5
2843-CQMEG,4
6439-PKTRR,5
5351-QESIO,6
0786-VSSUD,6
5568-DMXZS,8
8468-FZTOE,5
6633-SYEUS,2
6447-GORXK,6
6967-PEJLL,6
3976-BWUCK,2
5981-ZVXOT,0
1684-FLBGS,3
1389-WNUIB,3
0376-OIWME,0
3585-ISXZP,9
0218-QNVAS,9
6583-QGCSI,0
0804-YGEQV,7
7164-BPTUT,5
4174-LPGTI,3
2523-EWWZL,8
0928-XUTSN,8
2108-XWMPY,6
0052-YNYOT,1
6304-IJFSQ,4
9586-JGQKH,5
4501-VCPFK,6
6075-SLNIL,2
9347-AERRL,1
0093-XWZFY,9
2274-XUATA,5
1980-KXVPM,2
7703-ZEKEF,8
0723-DRCLG,8
5482-NUPNA,4
6691-CCIHA,5
1685-BQULA,9
9053-EJUNL,0
0666-UXTJO,2
1471-GIQKQ,8
4807-IZYOZ,1
1122-JWTJW,4
9710-NJERN,1
9837-FWLCH,7
1699-HPSBG,8
7203-OYKCT,0
1035-IPQPU,0
7398-LXGYX,2
2823-LKABH,9
8775-CEBBJ,4
0550-DCXLH,4
9281-CEDRU,3
2235-DWLJU,6
0871-OPBXW,1
3605-JISKB,3
6894-LFHLY,8
9767-FFLEM,2
0639-TSIQW,9
8456-QDAVC,2
7750-EYXWZ,6
2569-WGERO,1
6840-RESVB,3
2234-XADUH,9
4801-JZAZL,6
8361-LTMKD,4
3186-AJIEK,5
