customer_ID,cluster_label
7590-VHVEG,3
5575-GNVDE,6
3668-QPYBK,6
7795-CFOCW,3
9237-HQITU,6
9305-CDSKC,6
1452-KIOVK,2
6713-OKOMC,3
7892-POOKP,6
6388-TABGU,9
9763-GRSKD,6
7469-LKBCI,7
8091-TTVAX,2
0280-XJGEX,6
5129-JLPIS,0
3655-SNQYZ,4
8191-XWSZG,7
9959-WOFKT,4
4190-MFLUW,5
4183-MYFRB,6
8779-QRDMV,3
1680-VDCWW,7
1066-JKSGK,7
3638-WEABW,2
6322-HRPFA,4
6865-JZNKO,6
6467-CHFZW,6
8665-UTDHZ,3
5248-YGIJN,4
8773-HHUOZ,6
3841-NFECX,4
4929-XIHVW,2
6827-IEAUQ,9
7310-EGVHZ,7
3413-BMNZE,6
6234-RAAPL,4
6047-YHPVI,6
6572-ADKRS,6
5380-WJKOV,6
8168-UQWWF,6
8865-TNMNX,9
9489-DEDVP,4
9867-JCZSP,7
4671-VJLCL,4
4080-IIARD,4
3714-NTNFO,6
5948-UJZLF,6
7760-OYPDY,6
7639-LIAYI,4
2954-PIBKO,4
8012-SOUDQ,6
9420-LOJKX,2
6575-SUVOI,2
7495-OOKFY,6
4667-QONEA,2
1658-BYGOY,6
8769-KKTPH,2
5067-XJQFU,2
3957-SQXML,7
5954-BDFSG,4
0434-CSFON,6
1215-FIGMP,6
0526-SXDJP,1
0557-ASKVU,5
5698-BQJOH,6
5122-CYFXA,6
8627-ZYGSZ,6
3410-YOQBQ,4
3170-NMYVV,7
7410-OIEDU,6
2273-QCKXA,6
0731-EBJQB,7
1891-QRQSA,4
8028-PNXHQ,7
5630-AHZIL,5
2673-CXQEU,2
6416-JNVRK,5
5590-ZSKRV,9
0191-ZHSKZ,6
3887-PBQAO,7
5919-TMRGD,6
8108-UXRQN,3
9191-MYQKX,6
9919-YLNNG,6
0318-ZOPWS,7
4445-ZJNMU,2
4808-YNLEU,0
1862-QRWPE,7
2796-NNUFI,7
3016-KSVCP,3
4767-HZZHQ,9
2424-WVHPL,6
7233-PAHHL,4
6067-NGCEU,2
9848-JQJTX,4
8637-XJIVR,6
9803-FTJCG,2
0278-YXOOG,7
3212-KXOCR,7
4598-XLKNJ,6
6380-ARCEH,7
3679-XASPY,7
7123-WQUHX,6
5386-THSLQ,1
3192-NQECA,4
6180-YBIQI,3
6728-DKUCO,6
9750-BOOHV,3
8597-CWYHH,6
2848-YXSMW,7
0486-HECZI,2
4549-ZDQYY,5
5712-AHQNN,6
4846-WHAFZ,6
5256-SKJGO,1
3071-VBYPO,6
9560-BBZXK,3
5299-RULOA,6
8402-OOOHJ,7
9445-ZUEQE,2
1091-SOZGA,2
2928-HLDBA,7
0404-SWRVG,6
6497-TILVL,9
7219-TLZHO,7
4622-YNKIJ,0
4412-YLTKF,6
6734-PSBAW,7
3930-ZGWVE,7
2639-UGMAZ,3
2876-GZYZC,6
6207-WIOLX,1
8587-XYZSF,6
3091-FYHKI,3
2372-HWUHI,6
7799-LGRDP,7
7850-VWJUU,6
3774-VBNXY,7
6217-KDYWC,7
0390-DCFDQ,6
3146-MSEGF,4
4080-OGPJL,6
1095-WGNGG,4
2636-SJDOU,6
1131-QQZEB,7
5716-EZXZN,4
6837-BJYDQ,7
2135-RXIHG,6
6440-DKQGE,0
3466-BYAVD,6
3780-YVMFA,6
3874-EQOEP,6
1679-JRFBR,2
9073-ZZIAY,4
3077-RSNTJ,7
6551-GNYDG,6
9167-APMXZ,6
2749-CTKAJ,7
6371-NZYEG,4
7554-NEWDD,7
8992-VONJD,9
0867-MKZVY,6
4482-EWFMI,6
4648-YPBTM,4
2907-ILJBN,7
6345-FZOQH,7
3376-BMGFE,6
5997-OPVFA,4
3445-HXXGF,3
1159-WFSGR,7
7654-YWJUF,6
1875-QIVME,6
6727-IOTLZ,4
0691-JVSYA,6
5918-VUKWP,7
1744-JHKYS,7
2656-FMOKZ,6
2070-FNEXE,6
5947-SGKCL,6
3712-PKXZA,7
6317-YPKDH,3
6582-OIVSP,6
9367-WXLCH,6
5524-KHNJP,5
1918-ZBFQJ,6
1024-GUALD,3
4827-USJHP,6
8167-GJLRN,3
0956-SYCWG,7
8017-UVSZU,5
7100-FQPRV,2
2472-OVKUP,6
2984-RGEYA,7
9680-NIAUV,4
2146-EGVDT,7
2604-IJPDU,4
9178-JHUVJ,7
6168-YBYNP,6
7255-SSFBC,4
3645-DEYGF,7
9323-HGFWY,2
8544-GOQSH,6
3363-DTIVD,4
7018-WBJNK,6
9142-KZXOP,6
7674-YTAFD,6
6348-SNFUS,1
1285-OKIPP,6
7825-ECJRF,0
1347-KTTTA,2
7841-TZDMQ,6
4195-NZGTA,3
7157-SMCFK,7
4709-LKHYG,7
2504-DSHIH,6
0699-NDKJM,1
9286-BHDQG,1
0230-WEQUW,1
2040-LDIWQ,4
6496-JDSSB,6
9408-SSNVZ,6
4443-EMBNA,7
6469-MRVET,7
0742-MOABM,6
5961-VUSRV,7
6778-JFCMK,3
6341-JVQGF,0
2232-DMLXU,6
4811-JBUVU,6
0945-TSONX,4
2651-ZCBXV,4
3316-UWXUY,6
8937-RDTHP,6
7083-MIOPC,7
1984-GPTEH,7
1251-KRREG,6
0621-JFHOL,3
9903-LYSAB,6
0094-OIFMO,6
9227-UAQFT,7
7301-ABVAD,4
6614-FHDBO,6
7576-ASEJU,2
9058-HRZSV,2
4522-AKYLR,6
0221-WMXNQ,6
0303-UNCIP,0
9947-OTFQU,6
0322-YINQP,6
0959-WHOKV,2
4075-JFPGR,2
4629-NRXKX,6
9514-JDSKI,3
3282-ZISZV,2
3675-YDUPJ,7
4111-BNXIF,1
7017-VFHAY,4
6655-LHBYW,2
4959-JOSRX,6
5046-NUHWD,1
7273-TEFQD,3
3606-TWKGI,6
7529-ZDFXI,6
7605-BDWDC,1
1950-KSVVJ,4
0123-CRBRT,4
6292-TOSSS,7
3197-ARFOY,4
6323-AYBRX,7
7014-ZZXAW,7
4385-GZQXV,6
7633-MVPUY,9
6366-ZGQGL,3
4716-HHKQH,6
5940-AHUHD,6
6432-TWQLB,6
4484-GLZOU,6
3179-GBRWV,6
8645-KWHJO,3
4130-MZLCC,6
0314-TKOSI,6
8229-MYEJZ,6
2080-SRCDE,7
9577-WJVCQ,6
9512-UIBFX,6
6202-DYYFX,6
3808-HFKDE,6
5583-SXDAG,6
3488-PGMQJ,6
3580-REOAC,6
7534-BFESC,6
3727-OWVYD,6
2294-SALNE,6
4847-TAJYI,6
1563-IWQEX,7
8203-XJZRC,7
6556-DBKZF,6
6851-WEFYX,6
2985-JUUBZ,4
6390-DSAZX,6
0895-LMRSF,0
8098-LLAZX,6
8266-VBFQL,6
8181-YHCMF,1
2240-HSJQD,6
1248-DYXUB,7
0265-EDXBD,6
4115-BNPJY,4
3167-SNQPL,6
4091-TVOCN,2
1098-TDVUQ,7
7277-OZCGZ,0
1557-EMYVT,4
2799-ARNLO,6
7563-BIUPC,6
5027-YOCXN,2
3973-SKMLN,7
2321-OMBXY,2
2840-XANRC,6
6745-JEFZB,2
5020-ZSTTY,2
9880-TDQAC,1
8705-WZCYL,6
7102-JJVTX,9
8626-PTQGE,1
4983-CLMLV,2
5701-YVSVF,6
5804-LEPIM,6
5697-GOMBF,3
2739-CACDQ,2
9385-EHGDO,7
9498-FIMXL,7
2379-GYFLQ,2
0122-OAHPZ,6
2868-SNELZ,6
4322-RCYMT,2
6680-NENYN,6
2088-IEBAU,4
7982-VCELR,2
1343-EHPYB,6
6035-BXTTY,5
6885-PKOAM,4
7520-HQWJU,9
9639-BUJXT,7
5924-SNGKP,7
0021-IKXGC,6
2034-GDRCN,6
8966-SNIZF,7
6243-OZGFH,3
4654-DLAMQ,2
0513-RBGPE,4
5160-UXJED,6
4115-NZRKS,6
0219-YTZUE,6
0623-IIHUG,3
4572-DVCGN,6
3351-NGXYI,6
8984-EYLLL,6
9057-MSWCO,3
9833-TGFHX,2
9294-TDIPC,7
5229-DTFYB,4
0104-PPXDV,5
5176-LMJXE,7
3583-KRKMD,6
1010-DIAUQ,6
9069-LGEUL,6
7302-ZHMHP,7
9571-EDEBV,2
3520-FJGCV,4
6563-VRERX,7
0259-GBZSH,6
6122-EFVKN,1
2805-EDJPQ,2
6862-CQUMB,2
7156-MXBJE,2
6158-HDPXZ,3
9601-BRXPO,6
2863-IMQDR,4
5686-CMAWK,6
5651-CRHKQ,2
6905-NIQIN,6
8204-YJCLA,1
5167-ZFFMM,6
6583-SZVGP,4
4895-TMWIR,7
0533-BNWKF,6
1708-PBBOA,1
8782-LKFPK,6
5522-JBWMO,6
3597-MVHJT,6
9774-NRNAU,4
0224-RLWWD,6
9967-ATRFS,7
3951-NJCVI,6
2977-CEBSX,4
0177-PXBAT,0
6599-CEBNN,6
2519-ERQOJ,3
5876-QMYLD,7
2277-AXSDC,7
9442-JTWDL,7
0979-PHULV,2
3067-SVMTC,9
5495-GPSRW,7
7606-BPHHN,7
4742-DRORA,2
0111-KLBQG,6
4800-VHZKI,7
7989-CHGTL,7
0334-GDDSO,6
4163-NCJAK,7
5233-AOZUF,6
5973-EJGDP,6
1996-DBMUS,6
7916-VCCPB,6
4686-GEFRM,4
5249-QYHEX,7
0578-SKVMF,6
5564-NEMQO,6
2233-FAGXV,7
5605-IYGFG,6
7663-ZTEGJ,2
3935-TBRZZ,7
8111-BKVDS,3
2055-SIFSS,6
2806-MLNTI,2
8734-DKSTZ,6
4360-PNRQB,6
6152-ONASV,9
9063-ZGTUY,7
7781-HVGMK,1
2181-UAESM,6
2957-LOLHO,6
6048-NJXHX,7
2320-SLKMB,3
4980-URKXC,7
4376-KFVRS,4
5886-VLQVU,6
3577-AMVUX,6
0771-WLCLA,6
5628-RKIFK,2
0206-TBWLC,4
2937-FTHUR,6
1910-FMXJM,6
7752-XUSCI,6
4110-PFEUZ,6
0732-OCQOC,7
5168-MSWXT,6
1090-ESELR,4
8592-PLTMQ,7
5760-WRAHC,0
8847-GEOOQ,1
0256-LTHVJ,6
4785-FCIFB,7
8313-NDOIA,6
5149-CUZUJ,2
0942-KOWSM,4
4237-CLSMM,7
1452-VOQCH,6
4719-UMSIY,7
6614-VBEGU,4
0880-TKATG,6
3811-VBYBZ,6
1480-BKXGA,4
2996-XAUVF,3
9076-AXYIK,4
5968-XQIVE,6
8896-RAZCR,7
4640-UHDOS,6
4933-IKULF,7
3583-EKAPL,6
1304-BCCFO,0
4104-PVRPS,6
9399-APLBT,6
2359-KMGLI,6
3780-DDGSE,6
4431-EDMIQ,0
0306-JAELE,6
6227-HWPWX,6
0486-LGCCH,7
0447-BEMNG,1
4612-SSVHJ,6
5168-MQQCA,2
5949-XIKAE,6
7971-HLVXI,2
9094-AZPHK,6
3649-JPUGY,4
8372-JUXUI,6
3552-CTCYF,4
6778-YSNIH,6
0388-EOPEX,6
5756-OZRIO,6
6579-JPICP,7
8205-OTCHB,3
4134-BSXLX,9
0505-SPOOW,7
6235-VDHOM,3
7783-YKGDV,2
4374-YMUSQ,2
4513-CXYIX,6
3957-HHLMR,2
7803-XOCCZ,6
5736-YEJAX,4
5609-CEBID,6
8981-FJGLA,6
7218-HKQFK,6
4636-QRJKY,6
1135-LMECX,7
4332-MUOEZ,2
8535-SFUTN,6
5956-VKDTT,6
8677-HDZEE,6
2475-MROZF,2
9412-GHEEC,6
3482-ABPKK,6
6705-LXORM,6
0257-ZESQC,6
7531-GQHME,7
5174-ITUMV,2
4109-CYRBD,6
0913-XWSCN,6
6825-UYPFK,6
8397-MVTAZ,6
0750-EBAIU,6
8606-CIQUL,4
3571-DPYUH,2
7601-GNDYK,7
0356-OBMAC,4
8067-NIOYM,7
1403-GYAFU,7
4234-XTNEA,6
1297-VQDRP,2
9282-IZGQK,6
5348-CAGXB,6
0621-HJWXJ,6
5844-QVTAT,9
8905-IAZPF,2
5394-MEITZ,4
6859-QNXIQ,4
2782-LFZVW,6
2866-IKBTM,7
1342-JPNKI,6
2817-NTQDO,3
7129-AZJDE,6
6986-IJDHX,6
2560-PPCHE,6
4676-MQUEA,2
8138-EALND,7
3580-HYCSP,4
1352-HNSAW,4
2075-PUEPR,7
1982-FEBTD,7
5301-GAUUY,6
5791-KAJFD,2
2654-VBVPB,7
1154-HYWWO,0
2501-XWWTZ,6
3716-UVSPD,6
6815-ABQFQ,2
7343-EOBEU,7
3701-SFMUH,5
6103-LIANB,2
7319-VENRZ,4
5846-NEQVZ,4
6967-QIQRV,0
5781-RFZRP,4
0939-YAPAF,6
0308-IVGOK,3
7293-LSCDV,7
7025-WCBNE,4
5756-JYOJT,5
4710-FDUIZ,2
6030-REHUX,6
9548-LIGTA,4
5150-LJNSR,2
8270-RKSAP,6
6522-YRBXD,6
2640-LYMOV,7
1218-VKFPE,7
3627-FHKBK,6
2865-TCHJW,6
1423-BMPBQ,7
2393-DIVAI,7
5192-EBGOV,6
4568-KNYWR,4
8752-IMQOS,7
0742-LAFQK,4
0795-LAFGP,4
0619-OLYUR,4
5512-IDZEI,7
0459-SPZHJ,4
0215-BQKGS,2
9244-ZVAPM,6
0719-SYFRB,6
8208-EUMTE,1
5172-MIGPM,6
1710-RCXUS,2
0374-FIUCA,7
5839-SUYVZ,6
5173-ZXXXL,7
1096-ADRUX,6
2001-MCUUW,6
2731-GJRDG,0
4723-BEGSG,4
6516-NKQBO,4
8672-OAUPW,6
8207-DMRVL,4
3419-SNJJD,6
6543-CPZMK,3
4765-OXPPD,9
2804-ETQDK,7
6689-VRRTK,2
7138-GIRSH,4
9396-ZSFLL,6
6464-KEXXH,3
7134-MJPDY,2
5240-CAOYT,4
4059-IIEBK,6
4881-JVQOD,3
0516-UXRMT,2
4851-BQDNX,6
5148-HKFIR,7
1009-IRMNA,7
3003-CMDUU,6
5016-IBERQ,6
6797-UCJHZ,2
2469-DTSGX,6
4554-YGZIH,2
5099-BAILX,2
9931-KGHOA,6
1775-KWJKQ,4
7665-VIGUD,7
9411-TPQQV,3
7207-RMRDB,6
7954-MLBUN,4
2077-DDHJK,4
4913-EHYUI,2
0195-IESCP,6
9574-BOSMD,7
4580-TMHJU,6
0970-ETWGE,6
4908-XAXAY,2
8404-VLQFB,7
1626-ERCMM,6
0887-HJGAR,6
2391-IPLOP,0
5644-PDMZC,6
3509-GWQGF,6
9576-ANLXO,6
2024-BASKD,6
5845-BZZIB,7
1140-UKVZG,7
4160-AMJTL,7
5183-SNMJQ,2
8100-PNJMH,4
7838-LAZFO,2
4464-JCOLN,7
2085-JVGAD,7
5650-VDUDS,3
8095-WANWK,6
3030-ZKIWL,7
9565-FLVCG,9
8755-OGKNA,7
2800-VEQXM,6
7538-GWHML,6
5533-RJFTJ,3
3859-CVCET,6
0214-JHPFW,1
5642-MHDQT,7
3088-FVYWK,7
3276-HDUEG,6
9092-GDZKO,7
0823-HSCDJ,3
3729-OWRVL,4
2324-AALNO,7
0822-GAVAP,3
5760-IFJOZ,6
2826-UWHIS,6
1448-PWKYE,6
7501-IWUNG,4
4957-TREIR,6
7251-LJBQN,2
8040-MNRTF,6
1536-HBSWP,6
5313-FPXWG,7
0067-DKWBL,6
0946-FKYTX,3
5076-YVXCM,6
8262-COGGB,7
6663-JOCQO,2
9620-QJREV,7
2276-YDAVZ,6
2682-KEVRP,7
2480-JZOSN,7
0078-XZMHT,4
5896-NPFWW,6
9978-HYCIN,6
8338-QIUNR,4
1525-LNLOJ,6
9450-TRJUU,6
1766-GKNMI,6
6942-LBFDP,7
1456-TWCGB,6
7133-VBDCG,6
7596-ZYWBB,9
8329-UTMVM,6
3014-WJKSM,6
3347-YJZZE,2
1029-QFBEN,7
7929-DMBCV,6
9661-JALZV,7
5433-KYGHE,6
4312-KFRXN,7
5575-TPIZQ,6
0114-IGABW,1
9944-AEXBM,6
1853-ARAAQ,3
6952-OMNWB,6
4697-LUPSU,7
8434-VGEQQ,7
4952-YSOGZ,6
1589-AGTLK,6
5244-IRFIH,6
6549-YMFAW,7
4950-HKQTE,7
6786-OBWQR,6
2684-EIWEO,2
2753-JMMCV,4
6439-GTPCA,6
6621-YOBKI,7
1216-JWVUX,6
7564-GHCVB,9
1173-NOEYG,6
7595-EHCDL,3
6647-ZEDXT,2
2521-NPUZR,4
1307-TVUFB,6
7503-MIOGA,4
4381-MHQDC,6
6923-JHPMP,6
5138-WVKYJ,6
4018-PPNDW,7
1635-FJFCC,6
2499-AJYUA,4
6919-ELBGL,4
3966-HRMZA,6
6425-JWTDV,7
8405-IGQFX,2
8224-IVVPA,6
9477-LGWQI,4
1410-RSCMR,4
0139-IVFJG,6
6683-VLCTZ,6
5730-DBDSI,7
0030-FNXPP,7
2189-WWOEW,6
5684-FJVYR,4
4013-GUXND,7
1894-IGFSG,6
7379-POKDZ,6
1266-NZYUI,4
7969-FFOWG,7
4718-DHSMV,3
5175-WLYXL,6
7817-OMJNA,7
8728-SKJLR,6
3137-NYQQI,9
7706-DZNKK,7
0236-HFWSV,6
3900-AQPHZ,7
5842-POCOP,6
2037-XJFUP,6
8823-RLPWL,4
9505-SQFSW,3
7314-OXENN,6
3758-CKOQL,2
0322-CHQRU,6
5676-CFLYY,4
7521-AFHAB,6
0285-INHLN,6
4678-DVQEO,6
5125-CNDSP,3
0691-IFBQW,2
4992-LTJNE,9
2202-OUTMO,9
0810-BDHAW,2
0229-LFJAF,4
7131-ZQZNK,1
3442-ZHHCC,2
5726-CVNYA,7
9871-ELEYA,4
4257-GAESD,3
5173-WXOQV,9
2040-OBMLJ,5
6286-ZHAOK,7
3807-XHCJH,7
3009-JWMPU,2
5671-RQRLP,6
1450-GALXR,6
8859-AXJZP,7
3174-AKMAS,4
3138-BKYAV,6
9926-PJHDQ,4
7382-DFJTU,6
2798-NYLMZ,4
4289-DTDKW,6
1820-TQVEV,6
2239-JALAW,2
4853-RULSV,4
8098-TDCBU,7
3551-GAEGL,3
4785-NKHCX,7
3196-NVXLZ,6
6275-YDUVO,6
0036-IHMOT,2
0115-TFERT,6
4178-EGMON,2
4220-TINQT,6
5318-YKDPV,4
7975-TZMLR,2
0295-QVKPB,6
4335-BSMJS,7
2311-QYMUQ,6
3643-AHCFP,6
9146-JRIOX,7
3104-OWCGK,2
5337-IIWKZ,1
9101-BWFSS,2
9650-VBUOG,7
3487-EARAT,2
2672-TGEFF,6
9231-ZJYAM,6
4250-WAROZ,6
8184-WMOFI,5
6982-SSHFK,6
6092-QZVPP,0
4625-LAMOB,7
0727-BMPLR,2
0392-BZIUW,4
1038-ZAGBI,7
6549-NNDYT,3
3027-ZTDHO,6
0422-OHQHQ,7
6916-HIJSE,4
2316-ESMLS,3
9778-OGKQZ,4
7408-OFWXJ,4
6007-TCTST,4
2252-NKNSI,4
8713-IGZSO,7
7905-TVXTA,6
7695-PKLCZ,7
2382-BCKQJ,2
8374-UULRV,4
2207-NHRJK,6
3224-DFQNQ,9
5275-PMFUT,1
4795-UXVCJ,7
9777-IQHWP,4
0947-MUGVO,6
9944-HKVVB,6
4124-MMETB,2
3671-SHRSP,6
0979-MOZQI,1
2732-ISEZX,7
3313-QKNKB,6
0323-XWWTN,7
1937-OTUKY,4
1573-LGXBA,2
1764-VUUMT,7
5073-WXOYN,3
4713-ZBURT,4
3050-GBUSH,3
0207-MDKNV,0
7876-AEHIG,1
7945-HLKEA,6
9342-VNIMQ,6
9851-KIELU,6
3523-BRGUW,7
3908-BLSYF,6
3199-NPKCN,2
5170-PTRKA,3
4661-NJEUX,7
2123-AGEEN,6
1258-YMZNM,2
0048-LUMLS,5
7549-MYGPK,2
5898-IGSLP,9
3804-RVTGV,6
6259-WJQLC,6
9227-LUNBG,3
7997-EASSD,6
0730-KOAVE,6
8975-SKGRX,4
0678-RLHVP,6
4315-MURBD,0
2267-FPIMA,2
1051-GEJLJ,7
9734-YWGEX,6
2719-BDAQO,6
5285-MVEHD,2
0379-DJQHR,4
0781-LKXBR,6
5543-QDCRY,6
0297-RBCSG,6
4694-PHWFW,7
0835-JKADZ,4
1907-UBQFC,6
7508-SMHXL,6
3865-YIOTT,2
5993-BQHEA,7
6024-RUGGH,7
6513-EECDB,6
3956-CJUST,6
4079-WWQQQ,1
6103-BOCOU,6
5149-TGWDZ,6
7471-WNSUF,7
8942-DBMHZ,7
4301-VVZKA,6
9199-PWQVC,2
4824-GUCBY,6
5393-HJZSM,4
7074-IEVOJ,6
9625-QSTYE,6
0862-PRCBS,4
8812-ZRHFP,6
5146-CBVOE,6
0454-OKRCT,4
5787-KXGIY,7
4750-ZRXIU,6
4198-VFOEA,3
6630-UJZMY,6
6400-BWQKW,6
2692-AQCPF,2
0347-UBKUZ,7
0835-DUUIQ,7
0811-GSDTP,3
7567-ECMCM,6
6115-ZTBFQ,1
6353-BRMMA,2
6680-WKXRZ,6
6231-WFGFH,7
9904-EHEVJ,6
7028-DVOIQ,6
6169-PPETC,7
4208-UFFGW,6
8584-KMVXD,6
8467-WYNSR,6
0851-DFJKB,6
5382-SOYZL,6
9448-REEVD,6
3261-CQXOL,7
8388-FYNPZ,6
4002-BQWPQ,4
5651-YLPRD,6
2826-DXLQO,3
4378-BZYFP,7
9489-UTFKA,0
4849-PYRLQ,4
9117-SHLZX,6
9889-TMAHG,2
4541-RMRLG,7
7764-BDPEE,7
3429-IFLEM,4
3158-MOERK,6
7294-TMAOP,6
5002-GCQFH,2
0556-FJEGU,4
8919-FYFQZ,3
0604-THJFP,4
2834-JRTUA,4
5875-YPQFJ,6
5879-SESNB,6
6646-QVXLR,6
6461-PPAXN,9
3318-ISQFQ,7
1106-HRLKZ,7
2483-XSSMZ,6
8603-IJWDN,6
8165-ZJRNM,7
9369-XFEHK,6
2604-XVDAM,6
3717-OFRTN,7
9046-JBFWA,7
3280-NMUVX,7
1206-EHBDD,9
8361-LBRDI,7
4883-KCPZJ,7
9108-EQPNQ,7
7277-KAMWT,7
3842-IYKUE,5
6641-XRPSU,6
1374-DMZUI,6
2545-LXYVJ,7
3234-VKACU,6
8357-EQXFO,6
1989-PRJHP,6
8120-JDCAM,6
8917-FAEMR,7
7047-YXDMZ,7
2858-EIMXH,2
9524-EGPJC,6
6993-OHLXR,6
8818-XYFCQ,5
6419-ZTTLE,7
0929-HYQEW,6
6614-YOLAC,1
7426-RHZGU,6
4065-JJAVA,6
4695-VADHF,6
3863-IUBJR,5
7649-SIJJF,4
9361-YNQWJ,7
3748-FVMZZ,3
9391-TTOYH,7
1452-XRSJV,9
3422-WJOYD,6
8242-SOQUO,6
7460-ITWWP,6
7147-AYBAA,6
7868-TMWMZ,4
4822-RVYBB,6
6732-FZUGP,5
8436-BJUMM,6
4184-TJFAN,6
8329-GWVPJ,6
1352-VHKAJ,0
4145-UQXUQ,6
2632-TACXW,7
8146-QQKZH,4
1767-CJKBA,7
6445-TNRXS,4
4581-LNWUM,3
4869-EPIUS,6
9948-YPTDG,6
1236-WFCDV,2
1915-OAKWD,7
7296-PIXQY,6
4883-QICIH,6
3354-OADJP,6
3524-WQDSG,6
0810-DHDBD,5
4026-SKKHW,6
2829-HYVZP,7
8329-IBCTI,7
1271-SJBGZ,3
3845-JHAMY,3
7013-PSXHK,6
5669-SRAIP,6
5981-ITEMU,2
3486-NPGST,7
6941-PMGEP,6
1624-WOIWJ,6
2074-GKOWZ,6
0376-YMCJC,6
6100-FJZDG,7
4829-ZLJTK,6
1730-VFMWO,6
7143-BQIBA,6
3800-LYTRK,6
0634-SZPQA,6
9646-NMHXE,7
7030-NJVDP,0
5536-RTPWK,6
8883-GRDWQ,6
6166-ILMNY,6
3097-NNSPB,6
7771-ZONAT,1
0655-RBDUG,6
2111-DWYHN,7
4194-WHFCB,4
4121-AGSIN,7
4361-BKAXE,4
9845-PEEKO,6
0455-XFASS,6
0301-KOBTQ,7
1751-NCDLI,6
9878-TNQGW,6
9170-ARBTB,7
4441-NIHPT,6
8999-BOHSE,6
7241-AJHFS,6
7029-RPUAV,2
4546-FOKWR,6
9036-CSKBW,2
5832-TRLPB,0
8590-YFFQO,4
8659-IOOPU,4
1338-CECEE,2
7439-DKZTW,6
4646-QZXTF,4
4607-CHPCA,6
9742-XOKTS,9
6921-OZMFH,6
9578-FOMUK,7
4712-UYOOI,7
8824-RWFXJ,6
7722-CVFXN,2
8717-VCTXJ,7
7363-QTBIW,6
4159-NAAIX,4
0971-QIFJK,7
9397-TZSHA,7
3391-JSQEW,6
0343-QLUZP,1
9763-PDTKK,0
2176-LVPNX,4
7627-JKIAZ,6
3312-UUMZW,2
1271-UODNO,4
8461-EFQYM,7
6900-RBKER,2
6891-JPYFF,2
1459-QNFQT,1
1047-NNCBF,6
3696-XRIEN,2
4081-DYXAV,3
0074-HDKDG,9
8791-GFXLZ,6
8111-SLLHI,6
0927-LCSMG,6
9330-DHBFL,9
0098-BOWSO,7
3452-ABWRL,6
5859-HZYLF,7
8257-RZAHR,6
5293-WXJAK,6
3156-QLHBO,7
2208-NQBCT,9
1779-PWPMG,4
6621-NRZAK,7
0831-JNISG,7
0774-IFUVM,9
3082-WQRVY,7
9553-DLCLU,4
1641-BYBTK,7
2460-NGXBJ,6
2446-ZKVAF,5
0841-NULXI,3
3522-CDKHF,6
1430-SFQSA,3
0411-EZJZE,6
7851-WZEKY,6
8844-TONUD,6
8807-ARQET,3
8992-CEUEN,7
4320-QMLLA,6
8777-PVYGU,0
8292-ITGYJ,7
6870-ZWMNX,4
0621-CXBKL,7
5268-DSMNQ,2
5334-JLAXU,2
4086-YQSNZ,6
6242-MBHPK,6
5868-CZJDR,3
9359-UGBTK,0
0135-NMXAP,6
4782-OSFXZ,4
6479-OAUSD,7
7129-ACFOG,6
4189-NAKJS,6
5562-BETPV,7
1282-IHQAC,1
9127-FHJBZ,4
6270-OMFIW,2
1641-RQDAY,6
0107-WESLM,7
6994-ORCWG,9
1346-UFHAX,6
3992-YWPKO,4
2933-XEUJM,4
0125-LZQXK,6
5461-QKNTN,6
4835-YSJMR,4
8399-YNDCH,0
3164-YAXFY,3
0887-WBJVH,6
4660-IRIBM,6
5673-FSSMF,6
7670-ZBPOQ,9
8089-UZWLX,6
0080-OROZO,6
3916-NRPAP,2
6807-SIWJI,2
8221-HVAYI,4
1579-KLYDT,6
5232-NXPAY,4
8967-SZQAS,6
4468-KAZHE,6
0455-ENTCR,4
8944-AILEF,7
5542-NKVRU,7
7126-RBHSD,6
5370-IIVVL,6
6789-HJBWG,6
3927-NLNRY,2
9087-EYCPR,7
6791-YBNAK,3
6358-LYNGM,6
6077-BDPXA,6
0013-MHZWF,5
5494-HECPR,6
8268-YDIXR,2
9824-BEMCV,6
1373-ORVIZ,6
4291-SHSBH,6
6980-IMXXE,7
9866-QEVEE,6
9897-KXHCM,6
0040-HALCW,7
0784-GTUUK,7
7979-CORPM,2
2294-DMMUS,2
0872-JCPIB,6
3055-MJDSB,3
9091-WTUUY,4
1618-CFHME,6
3165-HDOEW,6
6581-NQCBA,3
7115-IRDHS,7
8496-DMZUK,2
2040-VZIKE,2
9068-VPWQQ,4
0178-SZBHO,6
0384-RVBPI,0
1689-MRZQR,6
1299-AURJA,7
4525-VZCZG,2
1543-LLLFT,2
5835-BEQEU,6
2788-CJQAQ,7
5565-FILXA,6
0319-QZTCO,4
2120-SMPEX,7
0096-FCPUF,6
0668-OGMHD,3
5552-ZNFSJ,6
2223-KAGMX,7
6507-ZJSUR,6
9408-HRXRK,6
5593-SUAOO,2
7321-PKUYW,6
2833-SLKDQ,6
6766-HFKLA,6
7595-EUIVN,6
7617-EYGLW,7
2026-TGDHM,6
9220-ZNKJI,4
4030-VPZBD,3
2226-ICFDO,4
0723-VSOBE,3
5529-GIBVH,7
4187-CINZD,2
9992-UJOEL,6
4741-WWJQZ,0
6625-UTXEW,6
6818-WOBHJ,6
6244-BESBM,2
1004-NOZNR,2
1251-STYSZ,6
2612-PHGOX,4
2408-TZMJL,2
8480-PPONV,4
8780-IHCRN,7
4598-ZADCK,1
1257-SXUXQ,7
9681-KYGYB,6
7182-OVLBJ,4
5095-ETBRJ,4
7005-CYUIL,6
4821-WQOYN,7
4730-AWNAU,1
3452-FLHYD,7
2388-LAESQ,4
9531-NSBMR,7
6260-ONULR,6
4389-UEFCZ,4
8711-LOBKY,7
9134-CEQMF,6
8985-OOPOS,2
8800-ZKRFW,6
2616-FLVQC,7
9968-FFVVH,2
3108-PCCGG,4
7993-PYKOF,6
8390-FESFV,4
3022-BEXHZ,4
5027-XWQHA,6
6248-TKCQV,4
6729-GDNGC,6
6198-ZFIOJ,6
5989-OMNJE,1
4566-QVRRW,6
1291-CUOCY,4
9795-SHUHB,6
3230-IUALN,4
0042-RLHYP,7
8519-IMDHU,2
4945-RVMTE,0
0201-OAMXR,2
1866-NXPSP,9
3372-KWFBM,6
7831-QGOXH,6
6393-WRYZE,6
3941-XTSKM,1
1661-CZBAU,9
6599-RCLCJ,6
9831-BPFRI,2
5158-RIVOP,7
9788-YTFGE,7
9277-JOOMO,7
1907-YLNYW,0
1725-MIMXW,7
8947-YRTDV,2
3161-ONRWK,9
0114-RSRRW,7
4565-NLZBV,7
0031-PVLZI,7
7206-GZCDC,6
6682-VCIXC,3
4791-QRGMF,2
6475-VHUIZ,6
3910-MRQOY,7
0661-WCQNQ,6
7537-RBWEA,3
4656-CAURT,7
0121-SNYRK,3
1768-ZAIFU,3
4671-LXRDQ,6
3733-LSYCE,2
6265-FRMTQ,7
1934-SJVJK,7
3838-OZURD,2
9269-CQOOL,6
2017-CCBLH,7
7690-KPNCU,5
0536-BGFMZ,7
2293-IJWPS,2
2845-HSJCY,6
5469-NUJUR,7
1184-PJVDB,6
2625-TRCZQ,3
4102-HLENU,9
7266-GSSJX,7
7722-VJRQD,1
7073-QETQY,7
9415-DPEWS,6
5624-RYAMH,7
0196-JTUQI,6
7130-YXBRO,6
9272-LSVYH,6
7943-RQCHR,6
3793-MMFUH,6
3249-ZPQRG,6
2568-BRGYX,6
3084-DOWLE,4
1084-MNSMJ,4
7721-JXEAW,3
7249-WBIYX,6
4238-HFHSN,6
6250-CGGUN,6
5478-JJVZK,6
7596-IIWYC,7
6567-HOOPW,6
9793-WECQC,6
4291-HPAXL,7
8999-YPYBV,4
1839-FBNFR,7
3164-AALRN,0
3071-MVJCD,4
1697-BCSHV,6
0562-KBDVM,1
1131-SUEKT,2
3717-OEAUQ,6
4538-WNTMJ,7
3334-CTHOL,6
4704-ERYFC,6
9432-RUVSL,4
8060-HIWJJ,4
7684-XSZIY,7
9089-UOWJG,6
8621-MNIHH,6
8039-ACLPL,4
9885-AIBVB,6
1934-MKPXS,7
2592-YKDIF,7
2272-JKMSI,2
0471-LVHGK,2
9518-RWHZL,2
8714-CTZJW,2
3569-EDBPQ,6
3131-NWVFJ,7
7521-YXVZY,7
5419-CONWX,2
6240-EURKS,3
2373-NTKOD,6
1970-KKFWL,7
6960-HVYXR,6
9337-SRRNI,7
0895-UADGO,3
5678-VFNEQ,2
5977-CKHON,6
7024-OHCCK,6
2692-BUCFV,6
7861-UVUFT,6
1830-GGFNM,4
5302-BDJNT,6
5223-UZAVK,2
4859-ZSRDZ,1
5651-WYIPH,6
9350-VLHMB,6
3498-LZGQZ,7
8785-CJSHH,6
5357-TZHPP,2
3870-SPZSI,4
0680-DFNNY,6
7560-QRBXH,7
7077-XJMET,6
8752-GHJFU,6
6896-SRVYQ,6
7767-UXAGJ,6
4652-ODEVH,7
6510-UPNKS,7
6718-BDGHG,2
9046-DQMTP,7
6439-LAJXL,9
1571-SAVHK,6
9052-VKDUW,4
9546-CQJSU,6
1666-JZPZT,6
5777-KJIRB,6
0506-LVNGN,6
7677-SJJJK,7
2480-EJWYP,2
3253-HKOKL,6
7055-HNEOJ,6
5514-YQENT,4
3211-AAPKX,6
8445-DNBAE,6
2951-QOQTK,6
2958-NHPPS,7
6806-YDEUL,7
1735-XMJVH,7
6890-PFRQX,6
0222-CNVPT,3
5899-OUVKV,6
8681-ICONS,7
1621-YNCJH,4
3473-XIIIT,6
6362-QHAFM,2
7893-IXHRQ,7
3070-BDOQC,6
2952-QAYZF,6
6234-PFPXL,2
9824-QCJPK,7
4763-PGDPO,6
4283-IVYCI,6
1866-OBPNR,2
8205-MQUGY,9
8970-ANWXO,6
9480-BQJEI,6
5394-SVGJV,6
6979-TNDEU,7
9777-WJJPR,2
9283-LZQOH,6
7079-QRCBC,6
9495-SKLKD,6
6048-UWKAL,4
5067-DGXLL,7
5469-CTCWN,2
9851-QXEEQ,6
6281-FKEWS,3
8898-KASCD,3
9242-TKFSV,1
9290-SHCMB,6
0743-HNPFG,5
2277-BKJKN,6
9809-IMGCQ,6
5208-HFSBT,6
5035-PGZXH,2
8695-WDYEA,6
6543-JXSOO,9
8016-ZMGMO,2
8605-ITULD,7
3254-YRILK,6
6416-YJTTB,6
2667-WYLWJ,7
4472-VESGY,2
3195-TQDZX,7
3128-YOVTD,6
0529-ONKER,6
1728-CXQBE,6
7041-TXQJH,3
5014-GSOUQ,7
5724-BIDBU,9
0481-SUMCB,2
1769-GRUIK,6
5240-IJOQT,6
8819-WFGGJ,1
7427-AUFPY,7
2811-POVEX,2
1092-GANHU,6
7898-PDWQE,4
9972-EWRJS,7
9314-IJWSQ,6
0661-XEYAN,3
5799-JRCZO,7
1921-KYSAY,2
6198-RTPMF,6
2924-KHUVI,2
1925-GMVBW,7
7881-EVUAD,3
6184-DYUOB,7
9207-ZPANB,2
5766-XQXMQ,2
9327-QSDED,6
1656-DRSMG,4
3012-VFFMN,7
2984-AFWNC,6
0640-YJTPY,7
8096-LOIST,6
9764-REAFF,7
3703-VAVCL,5
7107-UBYKY,7
4881-GQJTW,7
8519-QJGJD,6
7876-DNYAP,7
7905-NJMXS,9
2882-WDTBA,4
2091-GPPIQ,4
6326-MTTXK,6
5071-FBJFS,9
2796-UUZZO,2
2429-AYKKO,7
9798-OPFEM,7
0330-IVZHA,6
3794-NFNCH,6
5193-QLVZB,4
7114-AEOZE,7
2886-KEFUM,2
5522-NYKPB,6
4237-RLAQD,6
9957-YODKZ,6
6518-KZXCB,7
2245-ADZFJ,4
7776-QGYJC,6
9313-QOLTZ,7
9651-GTSAQ,2
3186-BAXNB,6
4672-FOTSD,9
0637-YLETY,2
9818-XQCUV,7
7338-ERIVA,3
1157-BQCUW,6
8259-NFJTV,3
3223-DWFIO,6
2660-EMUBI,6
6968-GMKPR,6
4751-ERMAN,4
1436-ZMJAN,2
3292-PBZEJ,6
0799-DDIHE,6
3070-FNFZQ,7
2812-SFXMJ,7
7675-OZCZG,6
5014-WUQMG,2
5312-TSZVC,7
2003-CKLOR,6
0993-OSGPT,2
9254-RBFON,6
1205-WNWPJ,6
9391-EOYLI,6
7108-DGVUU,6
2782-JEEBU,3
5127-BZENZ,2
2720-FVBQP,6
9906-NHHVC,3
4522-XRWWI,0
3766-EJLFL,4
5939-SXWHM,7
8152-UOBNY,2
7351-KYHQH,6
7643-RCHXS,7
8246-SHFGA,7
8387-MOJJT,6
0620-XEFWH,7
6485-QXWWE,7
2761-OCIAX,6
7321-VGNKU,6
5327-CNLUQ,2
7552-KEYGT,7
5816-JMLGY,4
3068-OMWZA,6
2927-QRRQV,6
6032-KRXXO,6
7459-RRWQZ,6
6265-SXWBU,2
7941-RCJOW,7
6374-NTQLP,4
4154-AQUGT,6
2387-KDZQY,7
3584-WKTTW,2
3399-BMLVW,4
1971-DTCZB,4
3092-IGHWF,2
3374-PZLXD,7
3813-DHBBB,1
2812-REYAT,7
6518-PPLMZ,7
4939-KYYPY,6
8017-LXHFA,6
5930-GBIWP,4
6022-KOUQO,3
6352-TWCAU,6
2361-UPSND,9
6035-RIIOM,4
2929-QNSRW,2
1262-OPMFY,6
9504-DSHWM,6
5035-BVCXS,6
6267-DCFFZ,6
3533-UVMOM,4
2439-LYPMQ,6
4248-QPAVC,6
1899-VXWXM,2
1478-VPOAD,6
9995-HOTOH,1
2988-PLAHS,0
1371-OJCEK,7
4999-IEZLT,3
8883-ANODQ,2
4690-LLKUA,6
2351-RRBUE,7
5980-BDHPY,4
1498-DQNRX,7
9469-WEJBT,6
3331-HQDTW,4
9490-DFPMD,6
2581-VKIRT,9
5442-XSDCW,6
7426-WEIJX,6
2851-MMUTZ,6
3049-NDXFL,6
8580-AECUZ,6
3307-TLCUD,3
6625-FLENO,7
2967-MXRAV,7
7963-GQRMY,6
8189-HBVRW,2
4163-KIUHY,7
1228-FZFRV,5
3500-NSDOA,4
1171-TYKUR,7
3761-FLYZI,6
2058-DCJBE,6
5364-XYIRR,6
4829-AUOAX,6
1219-NNDDO,6
8388-DMKAE,7
4403-BWPAY,7
9659-QEQSY,4
5405-ZMYXQ,6
5047-LHVLY,6
1442-OKRJE,2
4737-AQCPU,4
9158-VCTQB,4
2808-CHTDM,7
6311-UEUME,6
0793-TWELN,6
3283-WCWXT,7
1060-ENTOF,2
0999-QXNSA,6
5451-MHQOF,7
4836-WNFNO,7
9225-BZLNZ,4
0354-VXMJC,7
4422-QVIJA,6
9365-SRSZE,6
6839-ITVZJ,6
8332-OSJDW,7
4735-BJKOU,7
0274-JKUJR,3
5740-YHGTW,2
8917-SZTTJ,7
1696-MZVAU,3
7359-WWYJV,4
0375-HVGXO,3
4906-ZHGPK,0
8593-WHYHV,6
3795-GWTRD,4
1298-PHBTI,6
6223-DHJGV,7
6961-MJKBO,7
6097-EQISJ,2
4423-YLHDV,6
8158-WPEZG,3
0107-YHINA,6
4918-FYJNT,6
0727-BNRLG,4
4854-CIDCF,6
8640-SDGKB,6
3280-MRDOF,4
6435-SRWBJ,6
9964-WBQDJ,7
6303-KFWSL,9
1702-CCFNJ,9
8932-CZHRQ,2
0386-CWRGM,7
5515-RUGKN,6
0404-AHASP,7
7279-NMVJC,7
2081-VEYEH,6
6407-UTSLV,6
4116-TZAQJ,6
9060-HJJRW,3
2587-YNLES,7
7398-SKNQZ,6
5935-FCCNB,6
1958-RNRKS,6
5136-RGMZO,6
8345-MVDYC,4
8226-BXGES,2
3877-JRJIP,6
8375-DKEBR,6
9705-IOVQQ,6
1015-OWJKI,7
7511-YMXVQ,3
2040-XBAVJ,4
7551-JOHTI,7
8887-IPQNC,6
8646-JCOMS,2
9804-ICWBG,6
1222-KJNZD,7
0106-GHRQR,0
5318-IXUZF,6
3768-VHXQO,7
8952-WCVCD,2
2418-TPEUN,7
3963-RYFNS,4
3198-VELRD,6
8540-ZQGEA,7
1320-REHCS,6
4137-JOPHL,6
9436-ZBZCT,6
7801-CEDNV,5
2057-BOYKM,4
3658-QQJYD,2
1803-BGNBD,6
0134-XWXCE,0
6950-TWMYB,6
5848-FHRFC,7
2243-FNMMI,7
2511-MORQY,6
5356-KZCKT,7
9470-XCCEM,6
6519-CFDBX,6
3902-MIVLE,4
0409-WTMPL,2
8763-KIAFH,7
3669-WHAFY,4
3055-VTCGS,5
3144-KMTWZ,6
7279-BUYWN,6
7156-MHUGY,6
7198-GLXTC,6
2007-QVGAW,7
5207-PLSTK,6
2307-FYNNL,4
5605-XNWEN,7
2155-AMQRX,6
6181-AXXYF,7
5091-HFAZW,6
0516-VRYBW,7
2519-LBNQL,6
8623-ULFNQ,6
8380-PEFPE,6
5687-DKDTV,7
1568-LJSZU,4
7530-HDYDS,6
7789-HKSBS,6
7416-CKTEP,7
2586-CWXVV,3
3096-IZETN,6
2348-KCJLT,9
8401-EMUWF,9
4193-IBKSW,7
5377-NDTOU,4
5922-ABDVO,6
2474-LCNUE,2
0839-QNXME,7
3506-OVLKD,7
9172-ANCRX,6
6650-VJONK,6
2178-PMGCJ,6
7492-TAFJD,1
2773-MADBQ,1
6016-LVTJQ,7
7860-KSUGX,4
8966-KZXXA,7
6910-HADCM,6
4816-LXZYW,6
9606-PBKBQ,6
5149-QYTTU,2
2070-XYMFH,6
2085-BOJKI,6
0817-HSUSE,6
5442-PPTJY,7
1927-QEWMY,7
1663-MHLHE,7
5663-QBGIS,4
4450-MDZFX,6
6701-DHKWQ,1
7554-AKDQF,6
3536-IQCTX,6
4911-BANWH,6
8496-EJAUI,6
0794-YVSGE,7
5423-BHIXO,6
6908-VVYHM,6
2959-EEXWB,3
1839-UMACK,7
3030-YDNRM,6
7321-KKSDU,7
3402-XRIUO,9
3132-TVFDZ,3
8286-AFUYI,6
8080-DDEMJ,6
8356-WUAOJ,6
6365-MTGZX,6
1349-WXNGG,7
8058-DMYRU,6
9350-ZXYJC,7
6990-YNRIO,4
8958-JPTRR,7
6959-GQEGV,0
3173-WSSUE,7
1265-HVPZB,5
4115-UMJFQ,3
7369-TRPFD,7
1098-KFQEC,7
7190-XHTWJ,7
0621-TWIEM,6
3537-RYBHH,2
2485-ITVKB,3
3669-OYSJI,6
1612-EOHDH,6
6702-OHFWR,3
5296-BFCYD,7
4510-PYUSH,6
9359-JANWS,5
7517-SAWMO,6
4143-HHPMK,6
3279-DYZQM,7
7054-LGEQW,6
0523-VNGTF,3
9575-IWCAZ,7
7105-MXJLL,0
7064-FRRSW,2
7940-UQQUG,2
0923-PNFUB,6
3961-SXAXY,6
7010-BRBUU,7
3566-HJGPK,6
3062-ICYZQ,6
9938-PRCVK,7
0973-KYVNF,4
5129-HHMZC,4
9637-CDTKZ,4
3946-JEWRQ,2
7873-CVMAW,4
0463-WZZKO,7
3494-JCHRQ,6
6474-FVJLC,6
4524-QCSSM,3
5832-EXGTT,6
8840-DQLGN,4
2039-JONDJ,9
7217-JYHOQ,4
6695-FRVEC,4
4547-LYTDD,6
9894-QMIMJ,2
8069-YQQAJ,3
6770-XUAGN,7
4193-ORFCL,6
1636-NTNCO,3
3466-WAESX,6
9281-PKKZE,3
3638-VBZTA,4
7459-IMVYU,2
7776-QWNFX,6
6689-TCZHQ,6
8563-OYMQY,2
0754-EEBDC,7
5777-ZPQNC,7
1951-IEYXM,4
3318-NMQXL,6
3143-ILDAL,6
1022-RKXDR,7
2361-FJWNO,3
2272-UOINI,6
8232-UTFOZ,7
3750-YHRYO,7
6637-KYRCV,3
5668-MEISB,4
0129-QMPDR,7
7188-CBBBA,2
5356-CSVSQ,6
3221-CJMSG,6
4720-VSTSI,2
3219-JQRSL,4
2801-NISEI,6
3946-MHCZW,6
4623-ZKHLY,7
6732-VAILE,4
8201-AAXCB,6
7696-CFTAT,7
1845-CSBRZ,6
2123-VSCOT,4
6651-AZVTJ,6
4566-GOLUK,2
2484-DGXPZ,7
2018-QKYGT,6
2792-VPPET,7
7409-JURKQ,2
3247-MHJKM,7
1964-SVLEA,7
4587-NUKOX,6
7297-DVYGA,7
2239-CGBUZ,9
0854-UYHZD,7
7243-LCGGZ,7
8267-KFGYD,7
4890-VMUAV,2
9261-WDCAF,6
3764-MNMOI,7
7442-YGZFK,6
0420-BWTPW,3
8229-BUJHX,7
7449-HVPIV,2
5504-WSIUR,2
8183-ONMXC,6
8466-PZBLH,4
9614-RMGHA,6
8735-IJJEG,5
0564-MUUQK,6
5054-IEXZT,6
5834-ASPWA,6
0701-RFGFI,6
0019-EFAEP,4
5619-PTMIK,6
3737-XBQDD,6
5882-CMAZQ,3
5846-QFDFI,2
4445-KWOKW,9
3511-APPBJ,2
7967-HYCDE,6
2430-RRYUW,6
3948-XHGNA,6
3723-BFBGR,6
0565-IYCGT,2
5447-WZAFP,6
5110-CHOPY,1
5445-UTODQ,6
4425-OWHWB,7
7892-QVYKW,6
9675-ICXCT,4
1024-VRZHF,6
4703-MQYKT,7
9497-QCMMS,6
5692-ICXLW,6
0602-DDUML,4
2208-MPXIO,7
1960-UYCNN,6
0348-SDKOL,2
3190-FZATL,7
7336-RLLRH,0
4373-MAVJG,4
8901-HJXTF,3
7710-JSYOA,4
5419-KLXBN,6
3424-NMNBO,2
9885-MFVSU,1
4514-GFCFI,6
0607-MVMGC,2
3365-SAIGS,6
9828-AOQLM,6
8022-BECSI,7
8000-REIQB,6
9993-LHIEB,4
0266-CLZKZ,4
7615-ESMYF,3
3858-VOBET,6
7020-OZKXZ,6
3977-QCRSL,7
0017-DINOC,1
1447-PJGGA,6
8565-CLBZW,6
9139-WQQDY,2
0224-HJAPT,6
8086-OVPWV,6
9430-FRQOC,6
7639-OPLNG,4
3074-GQWYX,6
1492-QGCLU,0
6845-RGTYS,2
7328-OWMOM,7
4418-LZMSV,9
5155-AZQPB,6
8861-HGGKB,6
1087-GRUYI,7
7065-YUNRY,6
7694-VLBWQ,2
2546-KZAAT,2
0181-RITDD,4
5989-PGKJB,6
4795-KTRTH,6
8272-ONJLV,6
1488-PBLJN,4
0308-GIQJT,6
3778-FOAQW,7
4452-ROHMO,7
6481-OGDOO,2
3090-LETTY,6
5349-AZPEW,3
3753-TSEMP,6
8305-VHZBZ,7
9720-JJJOR,9
8100-HZZLJ,9
8775-ERLNB,6
8309-IEYJD,6
9172-JITSM,6
6298-QDFNH,6
7398-HPYZQ,4
3546-GHEAE,7
7361-YPXFS,5
6557-BZXLQ,6
2550-QHZGP,7
7519-JTWQH,4
2538-OIMXF,3
8543-MSDMF,0
9961-JBNMK,6
1170-SASML,2
4872-JCVCA,1
5346-BZCHP,7
2038-LLMLM,6
6173-ITPWD,6
9734-UYXQI,6
1216-BGTSP,4
4138-NAXED,6
2189-UXTKY,9
0744-BIKKF,4
7483-IQWIB,6
5248-KWLAR,4
4958-GZWIY,6
7996-MHXLW,7
7833-PKIHD,0
7061-OVMIM,7
5153-RTHKF,6
1852-QSWCD,7
4832-VRBMR,2
9079-LWTFD,6
6356-ELRKD,6
8624-GIOUT,2
3392-EHMNK,4
5986-WWXDV,7
3061-BCKYI,7
6179-GJPSO,4
7901-TBKJX,6
7228-PAQPD,5
3177-LASXD,6
7746-QYVCO,9
5804-HYIEZ,6
9919-FZDED,4
5934-TSSAU,6
3486-KHMLI,7
4897-QSUYC,7
1084-UQCHV,6
8290-YWKHZ,6
2955-BJZHG,6
3806-DXQOM,3
6784-XYJAE,6
3933-DQPWX,3
6661-EIPZC,3
8957-THMOA,7
2251-PYLPB,4
5555-RNPGT,7
1057-FOGLZ,7
9300-RENDD,6
0761-AETCS,7
8087-LGYHQ,6
4137-BTIKL,6
2190-BCXEC,6
6227-FBDXH,2
2153-MREFK,2
2911-WDXMV,6
7206-PQBBZ,6
3106-ULWFW,6
0925-VYDLG,6
4547-FZJWE,5
7422-WNBTY,6
0842-IWYCP,6
3521-HTQTV,7
3744-ZBHON,7
3373-DIUUN,7
8383-SGHJU,6
7607-QKKTJ,2
7707-PYBBH,6
8984-HPEMB,4
4349-GFQHK,6
4139-DETXS,1
9779-DPNEJ,6
9805-FILKB,7
5793-YOLJN,7
0673-IGUQO,7
4123-FCVCB,6
8819-IMISP,6
7802-EFKNY,3
8311-UEUAB,4
5858-EAFCZ,6
8035-BUYVG,3
1163-ONYEY,2
9787-XVQIU,6
8945-MUQUF,2
5656-MJEFC,1
6082-OQFBA,7
8051-HJRLT,6
8974-OVACP,7
4010-YLMVT,2
1379-FRVEB,6
8612-GXIDD,7
6288-CHQJB,4
8160-HOWOX,6
3023-GFLBR,2
6648-INWPS,7
4223-BKEOR,0
4079-VTGLK,4
1763-WQFUK,6
1391-UBDAR,6
8894-JVDCV,2
2023-VQFDL,7
1345-GKDZZ,7
2014-MKGMH,6
5628-FCGYG,6
2560-WBWXF,7
0248-IPDFW,6
7978-DKUQH,6
4335-UPJSI,7
0524-IAVZO,6
2737-YNGYW,6
1784-EZDKJ,2
9297-FVVDH,4
8007-YYPWD,7
7101-HRBLJ,4
5159-YFPKQ,6
6635-CPNUN,2
4021-RQSNY,6
5453-YBTWV,4
5039-LZRQT,7
2931-VUVJN,6
9061-TIHDA,6
8699-ASUFO,6
6418-PIQSP,4
8220-OCUFY,6
3995-WFCSM,6
1895-QTKDO,6
2038-OEQZH,6
1178-PZGAB,7
7927-AUXBZ,6
2626-VEEWG,7
2878-RMWXY,4
1657-DYMBM,7
7311-MQJCH,7
7375-WMVMT,4
1136-XGEQU,2
2530-FMFXO,4
6844-DZKRF,6
4695-WJZUE,6
7619-ODSGN,9
5970-GHJAW,7
8879-XUAHX,4
3689-MOZGR,3
4195-PNGZS,7
5003-XZWWO,4
3988-RQIXO,6
7622-FWGEW,4
6922-NCEDI,7
2514-GINMM,6
9891-NQDBD,7
6131-IUNXN,7
8548-AWOFC,9
9798-DRYDS,6
8532-UEFWH,7
6296-DDOOR,0
7951-VRDVK,4
5931-FLJJF,6
4815-YOSUK,2
2659-VXMWZ,2
0380-NEAVX,6
3207-OYBWH,6
4285-GYRQC,6
7216-EWTRS,6
4365-MSDYN,7
7036-TYDEC,6
5802-ADBRC,2
8076-FEZKJ,7
5197-YPYBZ,7
8337-MSSXB,6
4312-GVYNH,1
8495-LJDFO,0
0839-JTCUD,4
5494-WOZRZ,4
1302-UHBDD,6
2234-EOFPT,4
8619-IJNDK,4
8378-LKJAF,2
8182-BJDSI,6
2528-HFYZX,6
1153-GNOLC,3
3298-QEICA,3
0788-DXBFY,7
3597-YASZG,4
3496-LFSZU,6
5242-UOWHD,7
2482-CZGBB,6
6479-SZPLM,7
8097-VBQTZ,9
4500-HKANN,9
9917-KWRBE,2
3420-ZDBMA,6
2212-LYASK,1
1393-IMKZG,6
8069-RHUXK,1
3398-GCPMU,4
2908-WGAXL,7
3378-AJRAO,7
1013-QCWAM,6
0866-QLSIR,9
6050-FFXES,6
7181-BQYBV,6
0362-RAOQO,7
9554-DFKIC,9
5527-ACHSO,6
0829-DDVLK,7
1399-UBQIU,6
1813-JLKWR,7
0336-PIKEI,4
7322-OCWHC,4
9537-VHDTA,6
4957-TIALW,5
2054-PJOCK,2
9150-HEPMB,6
9030-QGZNL,7
6204-IEUXJ,5
3126-WQMGH,6
4529-CKBCL,6
2506-CLAKW,2
7176-WRTNX,4
1583-IHQZE,6
5732-IKGQH,0
9239-GZHZE,4
7205-BAIAD,7
0151-ONTOV,6
4140-MUHUG,6
0093-EXYQL,6
8064-RAVOH,6
0219-QAERP,7
0320-JDNQG,4
7180-PISOG,6
9168-INPSZ,6
3571-RFHAR,6
0015-UOCOJ,6
5334-AFQJB,7
2754-SDJRD,2
9578-VRMNM,2
1587-FKLZB,2
6140-QNRQQ,6
8963-JLGJT,6
4307-KTUMW,6
1465-LNTLJ,5
5440-FLBQG,4
2135-DQWAQ,6
4056-QHXHZ,4
7470-MCQTK,3
7488-MXJIV,6
7401-JIXNM,4
9339-FIIJL,4
2027-FECZV,6
2672-DZUOY,3
4706-DGAHW,6
3870-MQAMG,2
6670-MFRPK,2
6177-PEVRA,4
4800-CZMPC,2
4813-HQMGZ,6
7579-KKLOE,4
7377-DMMRI,6
8402-EIVQS,2
4947-DSMXK,6
7245-NIIWQ,6
0002-ORFBO,6
3324-OIRTO,2
5414-OFQCB,4
4967-WPNCF,1
8552-OBVRU,6
8499-BRXTD,7
9154-QDGTH,2
8197-BFWVU,4
2577-GVSIL,0
9367-OIUXP,7
6770-UAYGJ,7
6463-HHXJR,4
7928-VJYAB,6
1187-WILMM,4
9776-OJUZI,2
1306-RPWXZ,7
8949-JTMAY,6
2774-LVQUS,6
3097-PYWXL,7
2266-SJNAT,2
0869-PAPRP,2
4238-JSSWH,6
2972-YDYUW,6
1104-FEJAM,6
2809-ILCYT,7
5499-ECUTN,5
4981-FLTMF,9
9121-PHQSR,6
3113-IWHLC,6
3211-ILJTT,6
4612-THJBS,2
4277-BWBML,7
4094-NSEDU,6
0234-TEVTT,3
4304-TSPVK,4
1552-AAGRX,0
2637-FKFSY,6
9796-MVYXX,3
7874-ECPQJ,7
0020-INWCK,2
7089-RKVSZ,7
2683-JXWQQ,3
9548-ZMVTX,4
8739-XNIKG,6
9755-JHNMN,4
3981-QSVQI,7
2789-HQBOU,6
9424-CMPOG,7
5067-WJEUN,4
3450-WXOAT,6
9251-WNSOD,2
6974-DAFLI,7
2616-UUTFK,2
7064-JHXCE,7
5103-MHMHY,6
7989-AWGEH,3
4373-VVHQL,6
4559-UWIHT,6
7268-IGMFD,6
1846-XWOQN,6
0235-KGSLC,2
6650-BWFRT,4
9570-KYEUA,4
6993-YGFJV,4
2712-SYWAY,7
0730-BGQGF,4
5498-IBWPI,5
9101-NTIXF,7
0013-SMEOE,4
9314-QDMDW,0
9308-ANMVE,9
2884-GBPFB,6
3757-NJYBX,6
3413-DHLPB,4
7649-PHJVR,7
6114-TCFID,3
3787-TRIAL,3
2573-GYRUU,2
5156-UMKOW,3
1247-QBVSH,6
6734-GMPVK,6
9822-OAOVB,6
6161-ERDGD,0
1226-JZNKR,7
7318-EIVKO,6
3771-PZOBW,2
5136-KCKGI,2
8231-BSWXX,6
6486-LHTMA,2
4083-BFNYK,2
3722-WPXTK,6
7389-KBFIT,3
7176-WIONM,3
5141-ZUVBH,0
1089-HDMKP,9
7623-HKYRK,7
0310-SUCIN,2
5197-PYEPU,2
2929-ERCFZ,6
7548-SEPYI,6
8835-VSDSE,6
6619-RPLQZ,7
3275-RHRNE,1
3503-TYDAY,6
6901-GOGZG,4
1623-NLDOT,3
7021-XSNYE,1
9621-OUPYD,7
9898-KZQDZ,2
8982-NHAVY,6
4307-KWMXE,3
0141-YEAYS,2
2450-ZKEED,5
3694-DELSO,3
3893-JRNFS,3
9603-OAIHC,6
1133-KXCGE,7
5236-PERKL,4
0142-GVYSN,7
1049-FYSYG,3
7854-FOKSF,3
2519-FAKOD,6
8406-LNMHF,2
1821-BUCWY,6
8263-JQAIK,3
0023-UYUPN,7
8314-DPQHL,3
1465-WCZVT,7
9481-SFCQY,6
6360-SVNWV,6
0567-GGCAC,6
7089-IVVAZ,0
8884-MRNSU,7
2171-UDMFD,7
9050-IKDZA,6
2205-YMZZJ,6
9802-CAQUT,4
1254-IZEYF,6
0187-WZNAB,6
9492-TOKRI,2
1475-VWVDO,6
9221-OTIVJ,6
1357-MVDOZ,6
7602-MVRMB,4
3325-FUYCG,2
5908-QMGOE,6
1197-BVMVG,6
5406-KGRMX,7
8481-YYXWG,6
5968-HYJRZ,7
5198-EFNBM,6
7516-GMHUV,4
7140-ADSMJ,7
2230-XTUWL,7
7706-YLMQA,7
2585-KTFRE,5
7994-UYIVZ,6
2609-IAICY,6
1740-CSDJP,3
7717-BICXI,7
6559-RAKOZ,2
2636-OHFMN,3
4716-MRVEN,7
2143-LJULT,7
1323-OOEPC,2
3200-MNQTF,4
6164-HXUGH,7
5630-IXDXV,6
0320-DWVTU,9
9135-MGVPY,4
1212-GLHMD,6
7878-JGDKK,6
1088-AUUZZ,4
0397-GZBBC,6
6614-YWYSC,7
9588-OZDMQ,6
7641-EUYET,6
6476-EPYZR,7
9921-ZVRHG,6
1174-FGIFN,6
6620-HVDUJ,6
4701-MLJPN,6
1032-MAELW,2
7641-TQFHN,4
1552-TKMXS,7
9206-GVPEQ,3
8622-ZLFKO,6
1596-BBVTG,6
6188-UXBBR,7
2333-KWEWW,7
5702-SKUOB,7
1134-YWTYF,9
6061-GWWAV,0
0679-TDGAK,0
6585-WCEWR,7
9067-YGSCA,7
9067-SQTNS,7
8433-WXGNA,6
1776-SPBWV,7
8735-SDUFN,7
9668-PUGNU,7
9405-GPBBG,4
1926-QUZNN,7
3707-GNWHM,6
7016-NVRIC,2
5829-NVSQN,0
9565-AXSMR,7
8922-LIEGH,6
8869-LIHMK,4
8245-UMPYT,6
5186-SAMNZ,6
0447-RXSGD,6
4927-WWOOZ,6
5788-YPOEG,4
5373-SFODM,2
0661-KBKPA,0
9081-WWXKP,7
0784-ZQJZX,7
3133-PZNSR,4
5766-ZJYBB,7
8931-GJJIQ,6
4277-PVRAN,6
0022-TCJCI,0
0722-SVSFK,6
3612-YVGSJ,7
9825-YCXWZ,0
5397-NSKQG,3
8565-HBFNN,2
2000-DHJUY,4
0203-HHYIJ,7
8670-ERCJH,4
7758-UJWYS,1
2050-ONYDQ,7
7055-JCGNI,4
0739-UUAJR,1
4826-DXMUP,6
0952-KMEEH,6
7285-KLOTR,2
0654-PQKDW,0
7175-NTIXE,5
7963-SHNDT,3
9796-BPKIW,6
0188-GWFLE,7
8129-GMVGI,7
2882-DDZPG,7
3547-LQRIK,7
9137-NOQKA,7
5843-TTHGI,6
1849-RJYIG,6
8868-GAGIO,6
4061-UKJWL,6
5380-XPJNZ,7
8263-QMNTJ,4
8178-EYZUO,6
3230-JCNZS,4
0277-ORXQS,1
5130-IEKQT,6
3230-WYKIR,2
7996-BPXHY,7
3227-WLKLI,4
0407-BDJKB,6
2266-FUBDZ,7
8237-ULIXL,7
9600-UDOPK,2
8216-AZUUZ,6
9153-BTBVV,7
4074-SJFFA,6
3269-ATYWD,6
5186-PEIZU,7
1074-AMIOH,6
4910-GMJOT,6
0354-WYROK,6
4361-FEBGN,7
7748-UMTRK,6
0380-ZCSBI,7
7145-FEJWU,6
6463-MVYRY,4
3969-JQABI,4
9624-EGDEQ,7
1051-EQPZR,7
5849-ASHZJ,7
5780-INQIK,6
7576-OYWBN,6
4526-ZJJTM,2
8384-FZBJK,6
3750-RNQKR,7
0962-CQPWQ,7
3096-YXENJ,4
1265-BCFEO,4
5837-LXSDN,4
5945-AZYHT,2
8325-QRPZR,6
6384-VMJHP,4
2262-SLNVK,6
7730-CLDSV,4
1135-HIORI,2
0164-APGRB,4
6481-ESCNL,6
1790-NESIO,7
1550-EENBN,6
5539-TMZLF,6
4323-SADQS,3
4446-BZKHU,6
5202-IVJNU,3
5976-JCJRH,6
8198-RKSZG,2
0137-OCGAB,6
3351-NQLDI,2
9297-EONCV,4
7593-JNWRU,6
4588-YBNIB,7
1069-QJOEE,7
3336-JORSO,6
7799-DSEWS,6
8766-PAFNE,4
5315-CKEQK,9
3130-ICDUP,6
0820-FNRNX,6
0880-FVFWF,6
4611-ANLQC,1
4213-HKBJO,7
2792-LSHWX,9
5028-GZLDO,6
0014-BMAQU,2
6861-XWTWQ,6
9018-PCIOK,9
4837-QUSFT,4
6877-TJMBR,6
9953-ZMKSM,7
0907-HQNTS,4
7665-NKLAV,1
6769-DCQLI,6
2433-KMEAS,6
4391-LNRXK,6
8250-ZNGGW,5
2195-ZRVAX,6
3550-SAHFP,6
2011-TRQYE,3
8562-GHPPI,7
5893-PYOLZ,4
4986-MXSFP,7
6131-FOYAS,6
3027-YNWZU,7
5609-IMCGG,6
4873-ILOLJ,6
4727-MCYZG,6
9481-WHGWY,4
2725-KXXWT,6
9565-DJPIB,2
4328-VUFWD,5
3301-LSLWQ,6
7473-ZBDSN,7
3166-PNEOF,4
5639-NTUPK,6
8780-YRMTT,1
8348-HFYIV,3
5140-FOMCQ,2
6242-SGYTS,2
8166-ORCHU,6
8414-OOEEL,4
8454-AATJP,4
6849-WLEYG,7
4659-NZRUF,6
4531-AUZNK,2
4191-XOVOM,6
2150-OEGBV,7
8429-XIBUM,6
1855-CFULU,7
4878-BUNFV,7
1872-EBWSC,7
2608-BHKFN,6
7026-YMSBE,7
7341-LXCAF,6
6997-UVGOX,4
9674-EHPPG,1
9462-MJUAW,6
8128-YVJRG,6
5440-VHLUL,6
5781-BKHOP,4
4283-FUTGF,6
5213-TWWJU,6
1569-TTNYJ,6
8628-MFKAX,4
2397-BRLOM,2
7629-WIXZF,6
5445-GLVOT,6
3976-HXHCE,7
2466-NEJOJ,7
0254-KCJGT,2
5472-CVMDX,3
6461-SZMCV,4
8150-QUDFX,7
9508-ILZDG,6
2346-DJQTB,3
1697-LYYYX,7
1942-OQFRW,6
4749-VFKVB,6
9640-ZSLDC,5
4231-LZUYM,7
7598-UAASY,6
7938-OUHIO,6
8510-AWCXC,6
6128-AQBMT,3
3594-BDSOA,7
0431-APWVY,2
5133-VRSAB,3
5996-DAOQL,7
6838-YAUVY,6
0484-JPBRU,7
7883-ROJOC,6
0244-LGNFY,4
7274-CGTOD,1
4295-YURET,4
3426-NIYYL,6
8225-BTJAU,6
4635-EJYPD,7
1866-ZSLJM,7
4636-TVXVG,7
4236-UJPWO,3
9392-XBGTD,7
3387-VATUS,6
6402-SSEJG,1
1143-NMNQJ,6
1169-SAOCL,6
1110-KYLGQ,2
9929-PLVPA,7
3518-PZXZQ,6
2371-JUNGC,7
7693-QPEFS,6
0924-BJCRC,6
5074-FBGHB,2
2351-BKRZW,4
4455-BFSPD,2
0415-MOSGF,6
1724-BQUHA,6
3948-KXDUF,4
2323-ARSVR,4
0815-MFZGM,2
4826-XTSOH,6
5480-XTFFL,7
8295-FHIVV,7
2495-INZWQ,3
9086-YJYXS,2
1179-INLAT,7
7909-FIOIY,3
4139-SUGLD,3
6857-VWJDT,6
6351-SCJKT,3
5468-BPMMO,7
5624-BQSSA,7
0197-PNKNK,2
2439-QKJUL,7
1194-SPVSP,7
9534-NSXEM,7
2408-WITXK,3
8929-KSWIH,4
2250-IVBWA,6
1810-MVMAI,9
9506-UXUSK,6
1229-RCALF,2
3572-UOLYZ,6
1429-UYJSV,7
5577-OTWWW,7
6100-QQHEB,6
6366-XIVKZ,6
3470-OBUET,4
2770-NSVDG,3
9375-MHRRS,6
2634-HCZGT,9
7503-QQRVF,2
4860-YZGZM,7
6599-GZWCM,6
2691-NZETQ,6
4404-HIBDJ,4
5533-NHFRF,3
7037-MTYVW,4
4760-THGOT,6
7295-JOMMD,6
4016-BJKTZ,6
6584-VQMYT,9
9838-BFCQT,7
2790-XUYMV,6
0581-MDMPW,2
5013-SBUIH,4
1023-BQXZE,0
9163-GHAYE,6
3904-UKFRE,6
5353-WILCI,6
0709-TVGUR,6
0058-EVZWM,6
6023-YEBUP,6
7209-JCUDS,6
7009-PCARS,7
0519-DRGTI,7
1017-FBQMM,2
3001-CBHLQ,6
1985-MBRYP,7
6158-DWPZT,3
9372-TXXPS,4
3259-QMXUN,4
1015-JPFYW,7
6645-MXQJT,6
4360-QRAVE,3
8433-WPJTV,2
5804-JMYIO,7
3763-GCZHZ,2
6484-LATFU,7
7599-NTMDP,1
0772-GYEQQ,6
0536-ACXIP,4
0936-NQLJU,7
4831-EOBFE,5
1575-KRZZE,6
3251-YMVWZ,7
4102-OQUPX,6
9170-GYZJC,2
4884-LEVMQ,7
8857-CUPFQ,7
7610-TVOPG,7
3638-DIMPH,6
1845-ZLLIG,6
8559-WNQZS,7
3999-QGRJH,6
1699-UOTXU,4
2454-RPBRZ,6
0635-WKOLD,5
5993-JSUWV,2
4518-FZBSX,7
5387-ASZNZ,2
6988-CJEYV,6
2002-MZHWP,7
3097-FQTVJ,7
5465-BUBFA,7
7299-GNVPL,9
9743-DQKQW,3
1215-VFYVK,3
9371-BITHB,7
2265-CYWIV,6
9093-FPDLG,6
0541-FITGH,6
6985-HAYWX,2
7508-KBIMB,5
6838-HVLXG,7
2277-DJJDL,6
1897-OKVMW,4
5485-ITNPC,4
0233-FTHAV,2
4644-PIZRT,2
8922-NPKBJ,7
2740-TVLFN,6
7771-CFQRQ,4
9512-PHSMG,7
6963-EZQEE,4
2452-KDRRH,2
2004-OCQXK,6
5027-QPKTE,6
4146-SVFUD,6
1564-HJUVY,6
3617-XLSGQ,4
7517-LDMPS,6
7244-KXYZN,7
5226-NOZFC,6
2672-HUYVI,6
1400-WIVLL,4
7508-MYBOG,6
8148-NLEGT,7
0148-DCDOS,6
8347-GDTMP,7
9992-RRAMN,6
6746-WAUWT,7
0310-MVLET,6
0428-IKYCP,2
4550-VBOFE,6
2187-PKZAY,6
4003-OCTMP,9
6652-YFFJO,6
7225-IILWY,7
5248-RPYWW,4
7923-IYJWY,4
3170-GWYKC,0
5696-QURRL,6
7409-KIUTL,6
9830-ECLEN,3
1732-VHUBQ,6
0495-RVCBF,6
2668-TZSPS,7
7854-EDSSA,6
8869-TORSS,5
7446-SFAOA,7
9522-ZSINC,7
8234-GSZYK,7
6505-OZNPG,1
6164-HAQTX,1
0679-IDSTG,6
7765-LWVVH,4
1658-TJVOA,6
0953-LGOVU,3
2115-BFTIW,6
4692-NNQRU,6
7742-MYPGI,6
0611-DFXKO,6
7780-OTDSO,6
9619-GSATL,5
5622-UEJFI,7
9747-DDZOS,6
0674-DGMAQ,6
6203-HBZPA,1
0484-FFVBJ,0
0301-FIDRB,1
4139-JPIAM,3
2181-TIDSV,7
2761-XECQW,3
1936-CZAKF,1
9453-PATOS,4
0564-JJHGS,6
3348-CFRNX,2
4402-FTBXC,6
1428-GTBJJ,6
2931-XIQBR,6
0106-UGRDO,4
5542-TBBWB,6
1930-QPBVZ,4
2606-PKWJB,3
5322-ZSMZY,7
8059-UDZFY,6
7740-BTPUX,4
5220-AGAAX,7
0208-BPQEJ,7
9435-JMLSX,4
3352-ALMCK,6
5312-IRCFR,6
5294-IMHHT,6
8802-UNOJF,6
6313-GIDIT,3
6176-YJWAS,2
5310-NOOVA,7
4526-EXKKN,7
5311-IHLEI,3
3987-KQDDU,6
3404-JNXAX,6
5131-PONJI,2
2845-AFFTX,6
3489-VSFRD,5
3345-JHUEO,7
5815-HGGHV,9
5260-UMPWX,7
2249-YPRNG,6
7410-YTJIK,6
4626-GYCZP,6
5649-RXQTV,6
2674-MIAHT,6
2576-HXMPA,7
7587-AOVVU,9
5590-BYNII,6
6898-MDLZW,6
3237-AJGEH,3
4707-YNOQA,7
9357-UJRUN,9
1591-NFNLQ,2
8648-PFRMP,3
7663-CUXZB,4
0258-NOKBL,6
1163-VIPRI,4
2815-CPTUL,6
9348-ROUAI,4
9443-JUBUO,1
0596-BQCEQ,6
1481-ZUWZA,6
3043-TYBNO,6
4830-FAXFM,7
5906-BFOZT,7
2960-NKRSO,6
8996-ZROXE,0
5598-IKHQQ,7
0397-ZXWQF,7
5266-PFRQK,7
4674-HGNUA,4
6765-MBQNU,7
9786-IJYDL,4
1303-SRDOK,6
3769-MHZNV,7
6295-OSINB,4
3308-MHOOC,7
2309-OSFEU,3
2207-QPJED,6
4177-JPDFU,3
2239-CFOUJ,7
8046-DNVTL,1
2209-XADXF,3
6620-JDYNW,6
1891-FZYSA,6
4770-UEZOX,6
1038-RQOST,7
7613-LLQFO,6
4568-TTZRT,7
9513-DXHDA,0
2640-PMGFL,6
3801-HMYNL,6
0516-QREYC,7
9685-WKZGT,6
6022-UGGSO,6
8084-OIVBS,7
8896-BQTTI,7
3865-QBWSJ,6
3352-RICWQ,7
2160-GPFXD,4
2065-MMKGR,2
5857-TYBCJ,6
1498-NHTLT,4
4484-CGXFK,6
1402-PTHGN,9
4176-RELJR,7
6214-EDAKZ,9
5199-FPUSP,3
6377-KSLXC,7
1796-JANOW,7
0238-WHBIQ,4
8735-NBLWT,7
6651-RLGGM,7
6127-ISGTU,6
1614-JBEBI,7
8740-XLHDR,3
1208-DNHLN,6
1761-AEZZR,6
3923-CSIHK,6
5696-EXCYS,7
5795-KTGUD,4
7120-RFMVS,6
7924-GJZFI,6
4702-HDRKD,3
8512-WIWYV,7
5897-ZYEKH,2
5456-ITGIC,1
7317-GGVPB,4
1406-PUQVY,6
1322-AGOQM,3
3677-IYRBF,3
5692-FPTAH,6
9114-AAFQH,2
8715-KKTFG,2
1550-LOAHA,2
1728-BQDMA,6
0268-QKIWO,7
0876-WDUUZ,2
5117-ZSMHQ,4
5151-HQRDG,6
0960-HUWBM,4
6465-GSRCL,6
0617-FHSGK,6
0263-FJTQO,4
7319-ZNRTR,7
2858-MOFSQ,6
7503-EPSZW,7
7089-XXAYG,1
8118-LSUEL,6
8070-AAWZP,3
1666-JXLKU,6
7855-DIWPO,6
5133-POWUA,6
5652-MSDEY,6
7005-CCBKV,6
1810-BOHSY,2
1784-BXEFA,7
7351-MHQVU,3
9224-VTYID,4
9500-IWPXQ,2
5762-TJXGK,1
4504-YOULA,2
5569-IDSEY,2
4250-FDVOU,6
7284-ZZLOH,5
5277-ZLOOR,6
2141-RRYGO,4
1777-JYQPJ,3
6376-GAHQE,6
3401-URHDA,5
1599-EAHXY,7
8631-XVRZL,7
5052-PNLOS,6
3853-LYGAM,6
6979-ZNSFF,6
5751-USDBL,4
5680-LQOGP,4
2386-LAHRK,6
8189-DUKMV,7
6032-IGALN,3
9931-DCEZH,5
1898-JSNDC,2
0315-LVCRK,6
3911-RSNHI,1
2410-CIYFZ,7
4248-HCETZ,6
5505-OVWQW,7
7271-AJDTL,2
1867-TJHTS,6
0516-WJVXC,6
9174-FKWZE,7
6860-YRJZP,6
4429-WYGFR,6
2817-LVCPP,7
5038-ETMLM,4
5056-FIMPT,2
4521-WFJAI,7
6569-KTMDU,7
8809-RIHDD,4
8809-XKHMD,4
0396-YCHWO,6
0867-LDTTC,4
4822-NGOCH,6
9391-DXGGG,2
9844-FELAJ,2
2122-SZZZD,7
5307-DZCVC,6
3148-AOIQT,7
8679-JOEVF,6
8395-ETZKQ,7
6692-YQHXC,6
3889-VWBID,4
5222-JCXZT,7
9754-CLVZW,3
1432-FPAXX,3
2739-CCZMB,7
7080-TNUWP,6
0496-AHOOK,0
8336-TAVKX,4
2468-SJFLM,6
3181-VTHOE,1
7168-HDQHG,7
4803-AXVYP,6
3884-HCSWG,6
4567-AKPIA,2
5077-DXTCG,6
1142-WACZW,3
7901-HXJVA,6
5649-ANRML,6
4892-VLANZ,7
5924-IFQTT,0
7968-QUXNS,7
2919-HBCJO,6
4236-XPXAV,6
8903-WMRNW,6
2452-SNHFZ,6
3629-WEAAM,0
6029-CSMJE,3
7993-NQLJE,6
9909-DFRJA,0
9099-FTUHS,6
0581-BXBUB,6
4962-CHQPW,7
9467-ROOLM,7
3030-YZADT,6
7410-KTVFV,6
5150-ITWWB,6
2253-KPMNB,1
1345-ZUKID,7
6429-SHBCB,6
9281-OFDMF,6
2603-HVKCG,6
1834-WULEG,7
9097-ZUBYC,6
5148-ORICT,9
4893-GYUJU,7
4578-PHJYZ,0
7272-QDCKA,6
8908-SLFCJ,7
8393-DLHGA,6
9766-HGEDE,7
6968-MHOMU,1
7395-IGJOS,6
5044-XDPYX,7
1814-WFGVS,1
2834-SPCJV,6
3721-WKIIL,7
6734-CKRSM,7
1265-ZFOSD,9
6568-POCUI,2
7890-VYYWG,3
5197-LQXXH,4
9907-SWKKF,3
3457-PQBYH,7
7682-AZNDK,6
0587-DMGBH,6
5384-ZTTWP,7
3745-HRPHI,1
7636-OWBPG,3
1231-YNDEK,7
1407-DIGZV,7
6397-JNZZG,3
0570-BFQHT,6
4393-OBCRR,7
3523-QRQLL,2
8564-LDKFL,2
3696-DFHHB,7
0895-DQHEW,6
4717-GHADL,4
5501-TVMGM,6
5879-HMFFH,4
6772-WFQRD,7
3810-DVDQQ,4
6972-SNKKW,7
3694-GLTJM,7
8550-XSXUQ,2
8149-RSOUN,6
9055-MOJJJ,0
4359-INNWN,7
0585-EGDDA,6
4032-RMHCI,3
0549-CYCQN,6
3481-JHUZH,6
7250-EQKIY,6
3594-IVHJZ,7
6869-FGJJC,2
3896-ZVNET,7
8205-VSLRB,4
5960-MVTUK,3
6817-WTYHE,6
3082-VQXNH,3
4013-UBXWQ,6
4931-TRZWN,6
0750-EKNGL,7
7669-LCRSD,6
3567-PQTSO,2
5519-NPHVG,6
8043-PNYSD,7
9938-EKRGF,4
2703-AMTUL,9
0928-JMXNP,3
8173-RXAYP,7
4825-XJGDM,3
5402-HTOTQ,6
6734-JDTTV,7
7850-THJMU,7
3890-RTCMS,6
8849-GYOKR,2
3148-BLQJT,7
3717-FDJFU,7
3665-JATSN,3
7966-YOTQW,6
0461-CVKMU,9
8806-EAGWC,6
8853-TZDGH,4
7779-LGOVN,6
4324-BZCKL,6
6924-TDGMT,7
9710-ZUSHQ,6
1536-YHDOE,6
8123-QBNAZ,4
3629-ZNKXA,6
4827-LTQRJ,2
7711-YIJWC,2
5482-VXSXJ,6
7365-BVCJH,3
9620-ENEJV,6
4183-WCSEP,6
2378-YIZKA,4
5498-TXHLF,6
0689-DSXGL,9
6818-DJXAA,6
9722-UJOJR,6
0464-WJTKO,7
8902-ZEOVF,7
6778-EICRF,0
2662-NNTDK,7
4132-KALRO,6
3902-FOIGH,6
6772-KSATR,6
7112-OPOTK,6
2874-YXVVA,6
1245-HARPS,7
4210-QFJMF,6
4323-ELYYB,7
4293-ETKAP,4
6064-PUPMC,5
6504-VBLFL,4
6322-PJJDJ,6
0330-BGYZE,2
1085-LDWAM,7
7586-ZATGZ,6
7197-VOJMM,4
3318-OSATS,6
5828-AVIPD,2
1843-TLSGD,7
9626-VFRGG,6
7075-BNDVQ,3
9143-CANJF,9
7284-BUYEC,3
2041-JIJCI,6
1086-LXKFY,6
4900-MSOMT,4
2229-VWQJH,6
9194-GFVOI,4
1336-EZFZY,7
4282-MSACW,2
1403-LKLIK,7
2636-ALXXZ,6
7774-OJSXI,2
7786-WBJYI,6
0136-IFMYD,4
5144-TVGLP,6
9643-AVVWI,6
0253-ZTEOB,4
2706-QZIHY,7
6061-PQHMK,7
9885-CSMWE,6
6137-MFAJN,3
9122-UMROB,7
4232-JGKIY,7
2402-TAIRZ,6
9659-ZTWSM,2
9139-TWBAS,1
6685-GBWJZ,5
5016-ETTFF,3
3866-MDTUB,6
2195-VVRJF,6
3913-RDSJZ,7
8058-JMEQO,6
4203-QGNZA,7
5043-TRZWM,6
0697-ZMSWS,6
7657-DYEPJ,2
9494-BDNNC,2
1640-PLFMP,6
5366-OBVMR,6
8276-MQBYC,6
7593-XFKDI,6
4573-JKNAE,7
0337-CNPZE,6
9817-APLHW,7
8380-MQINP,7
0840-DFEZH,6
1513-XNPPH,6
8690-ZVLCL,4
6015-VVHHE,6
1125-SNVCK,6
0384-LPITE,1
4616-EWBNJ,7
6347-DCUIK,6
1335-HQMKX,2
2545-EBUPK,6
6923-AQONU,7
2172-EJXVF,2
0897-FEGMU,6
7663-RGWBC,6
1120-BMWUB,6
9124-LHCJQ,6
4536-PLEQY,2
7029-IJEJK,3
8871-JLMHM,2
2235-ZGKPT,6
3891-PUQOD,6
5447-VYTKW,6
3623-FQBOX,7
0689-NKYLF,6
8659-HDIYE,5
3658-KIBGF,9
3474-BAFSJ,1
5519-YLDGW,6
3865-ZFZIB,7
1855-AGAWH,6
7109-CQYUZ,4
1370-GGAWX,2
4680-KUTAJ,6
5307-UVGNB,1
4946-EDSEW,7
2883-ILGWO,6
2516-VQRRV,6
7580-UGXNC,6
3642-BYHDO,7
9629-NHXFW,7
2696-RZVZW,7
5766-FTRTS,4
0396-HUJBP,7
5178-LMXOP,6
8879-ZKJOF,0
6285-FTQBF,7
8185-UPYBR,6
4585-HETAI,6
7526-BEZQB,6
1474-JUWSM,9
3530-CRZSB,7
8498-XXGWA,6
9617-INGJY,6
0621-TSSMU,7
7234-KMNRQ,7
7636-PEPNS,6
4683-WYDOU,6
9052-DHNKM,6
6794-HKIAJ,2
5578-NKCXI,2
1642-HMARX,4
3096-WPXBT,2
8434-PNQZX,4
5950-AAAGJ,6
4299-OPXEJ,7
4951-UKAAQ,6
9618-LFJRU,7
6693-DJWTY,5
0744-GKNGE,6
6447-EGDIV,7
1167-OYZJF,7
2108-YKQTY,6
4806-DXQCE,6
4918-QLLIW,6
7056-IMHCC,6
4854-SSLTN,4
5294-DMSFH,6
4837-PZTIC,3
1625-JAIIY,6
0603-OLQDC,6
3272-VUHPV,9
4176-FXYBO,2
1063-DHQJF,6
8663-UPDGF,6
6719-FGEDO,4
1837-YQUCE,1
2947-DOMLJ,6
4112-LUEIZ,6
0369-ZGOVK,6
4510-HIMLV,6
9919-KNPOO,6
8749-JMNKX,6
7872-BAAZR,7
9391-LMANN,2
2430-USGXP,6
8174-TBVCF,4
1698-XFZCI,2
1877-HKBQX,6
4450-DLLMH,6
0428-AXXLJ,7
2746-DIJLO,2
5955-ERIHD,6
0917-EZOLA,4
3508-VLHCZ,4
4086-ATNFV,9
0468-YRPXN,2
5996-NRVXR,2
3739-YBWAB,3
7047-FWEYA,2
2000-MPKCA,2
9762-YAQAA,6
5949-EBSQK,5
5473-KHBPS,2
0100-DUVFC,6
5397-TUPSH,6
8950-MTZNV,6
0326-VDYXE,2
6773-LQTVT,3
7274-RTAPZ,6
0436-TWFFZ,4
8566-YPRGL,7
0311-UNPFF,6
6609-MXJHJ,7
2669-OIDSD,2
8400-WZICQ,9
3834-XUIFC,6
9576-SYUHJ,6
0410-IPFTY,2
2831-EBWRN,6
9430-NKQLY,7
8414-MYSHR,6
0247-SLUJI,7
9402-ORRAH,6
6483-OATDN,6
1293-HHSHJ,7
4840-ORQXB,6
7599-FKVXZ,6
3982-DQLUS,6
8610-ZIKJJ,7
3756-VNWDH,6
7801-KICAO,6
7673-LPRNY,6
8229-TNIQA,6
6060-QBMGV,7
7339-POGZN,6
2828-SLQPF,6
4465-VDKIQ,6
2921-XWDJH,6
6221-AVQYL,6
2558-BUOZZ,2
9257-AZMTZ,7
0003-MKNFE,6
0975-UYDTX,2
7743-EXURX,6
4682-BLBUC,0
0975-VOOVL,3
5968-VXZLG,6
5569-KGJHX,6
4988-IQIGL,6
5201-FRKKS,6
9799-CAYJJ,6
7730-IUTDZ,6
0426-TIRNE,7
5443-SCMKX,2
8295-KMENE,4
6738-ISCBM,3
9821-BESNZ,6
3678-MNGZX,7
1335-NTIUC,3
2916-BQZLN,6
4558-CGYCZ,7
2368-GAKKQ,4
8710-YGLWG,6
3199-XGZCY,6
3785-KTYSH,7
6814-ZPWFQ,7
4063-EIKNQ,7
6993-YCOBK,4
5206-HPJKM,6
7587-RZNME,6
0748-RDGGM,2
8393-JMVMB,7
5019-GQVCR,6
6036-TTFYU,7
2550-AEVRU,9
0969-RGKCU,7
0378-CJKPV,4
4706-AXVKM,2
5889-JTMUL,6
9026-RNUJS,6
3746-EUBYR,6
2332-EFBJY,7
2880-FPNAE,6
1703-MGIAB,6
4311-QTTAI,7
9474-PHLYD,6
4318-RAJVY,7
2165-VOEGB,2
3612-YUNGG,4
2254-DLXRI,6
5062-CJJKH,6
9028-LIHRP,4
2219-MVUSO,6
1053-MXTTK,4
1530-ZTDOZ,3
1301-LOPVR,1
0853-TWRVK,4
8914-RBTSB,6
6212-ATMLK,6
8200-LGKSR,4
1568-BEKZM,4
0670-ANMUU,5
6897-RWMUB,4
0963-ZBDRN,6
7594-RQHXR,6
6999-CHVCF,4
6134-KWTBV,7
1077-HUUJM,6
6331-EWIEB,6
0895-LNKRC,7
2045-BMBTJ,3
8417-GSODA,6
5171-EPLKN,7
4452-QIIEB,6
5998-VVEJY,6
1624-NALOJ,6
6741-EGCBI,2
7820-ZYGNY,6
4317-VTEOA,6
9677-AVKED,2
1670-SVOWZ,2
2227-JRSJX,6
9847-HNVGP,7
6696-YDAYZ,7
8980-WQFWL,6
1730-ZMAME,6
6506-EYCNH,7
4634-JLRJT,7
9501-UKKNL,3
2560-QTSBS,7
7541-YLXCL,6
4795-WRNVT,6
6080-TCMYC,6
0260-ZDLGK,6
7860-UXCRM,4
6357-JJPQT,6
2292-XQWSV,1
9552-TGUZV,6
5913-INRQV,2
8722-NGNBH,3
6210-KBBPI,2
9643-YBLUR,2
8734-FNWVH,6
9447-YPTBX,7
0133-BMFZO,4
6128-CZOMY,6
9540-JYROE,6
9026-LHEVG,3
2260-USTRB,6
3656-TKRVZ,6
7011-CVEUC,2
6185-TASNN,6
7925-PNRGI,4
8623-TMRBY,6
1552-CZCLL,7
3038-PQIUY,2
1501-SGHBW,6
9313-CDOGY,7
8148-BPLZQ,6
2623-DRYAM,2
9987-LUTYD,6
3208-YPIOE,6
4488-KQFDT,2
2612-RANWT,6
5693-PIPCS,2
0491-KAPQG,6
1925-LFCZZ,3
8039-EQPIM,1
6900-PXRMS,6
8707-RMEZH,2
3346-BRMIS,3
3209-ZPKFI,6
6479-VDGRK,4
9373-WSLOY,3
2933-FILNV,3
3569-JFODW,4
9819-FBNSV,6
9544-PYPSJ,2
1591-XWLGB,7
0396-UKGAI,6
3243-ZHOHY,7
5186-EJEGL,0
7527-QNRUS,7
9986-BONCE,7
2722-JMONI,6
2203-GHNWN,6
3878-AVSOQ,6
3258-SYSWS,4
5296-PSYVW,7
6319-QSUSR,7
4083-EUGRJ,7
7579-OOPEC,5
0512-FLFDW,2
1771-OADNZ,6
0487-CRLZF,4
2107-FBPTK,6
9451-WLYRI,7
8219-VYBVI,7
1991-VOPLL,7
9738-QLWTP,6
1016-DJTSV,6
9419-IPPBE,6
0174-QRVVY,7
5699-BNCAS,7
2900-PHPLN,7
0612-RTZZA,3
8106-GWQOK,1
8751-EDEKA,2
6878-GGDWG,7
4039-PIMHX,9
8450-LUGUK,7
3604-WLABM,6
0795-GMVQO,2
2259-OUUSZ,3
1142-IHLOO,2
6410-LEFEN,6
4633-MKHYU,6
6257-RJOHI,6
1545-JFUML,2
3194-ORPIK,6
7826-VVKWT,6
1353-GHZOS,0
2587-EKXTS,6
5442-BXVND,7
8816-VXNZD,6
9378-FXTIZ,2
1723-HKXJQ,6
7825-GKXMW,6
9753-OYLBX,7
2364-UFROM,0
6656-JWRQX,3
6473-ULUHT,9
1240-KNSEZ,7
0836-SEYLU,3
4433-JCGCG,6
3716-BDVDB,6
7688-AWMDX,4
2842-BCQGE,6
7244-QWYHG,3
5899-MQZZL,6
6849-OYAMU,2
5312-UXESG,6
9488-HGMJH,6
6038-GCYEC,3
2150-WLKUW,2
7159-FVYPK,6
7032-LMBHI,0
1150-WFARN,4
6088-BXMRG,6
3144-AUDBS,6
4821-SJHJV,6
7346-MEDWM,6
1137-DGOWI,2
5616-PRTNT,7
3812-LRZIR,7
4818-QIUFN,6
9483-GCPWE,7
4227-OJHAL,2
9220-CXRSC,4
4993-JCRGJ,6
9537-JALFH,7
6698-OXETB,7
2103-ZRXFN,6
3724-BSCVH,7
4877-TSOFF,2
9209-NWPGU,0
6961-VCPMC,6
7306-YDSOI,4
5288-AHOUP,6
6688-UZPWD,6
0655-YDGFJ,6
8468-EHYJA,6
6823-SIDFQ,7
1097-FSPVW,6
2839-RFSQE,7
8328-SKJNO,3
7010-ZMVBF,7
5201-CBWYG,7
0968-GSIKN,6
1965-DDBWU,6
9057-SIHCH,6
6352-GIGGQ,2
3635-QQRQD,7
6771-XWBDM,2
2897-DOVND,6
3082-YVEKW,4
0191-EQUUH,3
7134-HBPBS,4
3489-HHPFY,6
2926-JEJJC,7
8601-QACRS,6
4950-BDEUX,3
5789-LDFXO,7
0508-OOLTO,6
2984-TBYKU,4
9822-WMWVG,4
2391-SOORI,6
9040-KZVWO,2
2645-QTLMB,6
4806-HIPDW,6
1548-ARAGG,6
6339-RZCBJ,4
4424-TKOPW,6
4415-WNGVR,0
2522-AHJXR,0
0412-UCCNP,0
1816-FLZDK,3
7096-UCLNH,7
8443-ZRDBZ,6
9136-ALYBR,3
4615-PIVVU,5
8885-QSQBX,6
7479-NITWS,2
8617-ENBDS,6
9385-NXKDA,4
0430-IHCDJ,6
2959-MJHIC,6
6674-KVJHG,7
1814-DKOLC,7
4201-JMNGR,6
9351-HXDMR,4
3537-HPKQT,6
2129-ALKBS,7
5821-MMEIL,7
5960-WPXQM,6
0684-AOSIH,6
8260-NGFNY,3
1309-XGFSN,2
1866-RZZQS,6
6968-URWQU,0
4742-TXUEX,7
9631-XEYKE,6
8631-NBHFZ,4
1335-MXCSE,5
8873-TMKGR,7
8800-JOOCF,6
1469-LBJQJ,6
4958-XCBDQ,6
8337-UPOAQ,6
0064-YIJGF,6
2386-OWURY,6
1725-IQNIY,4
0310-VQXAM,7
6598-RFFVI,7
3453-RTHJQ,6
6712-OAWRH,6
6278-FEPBZ,7
4280-DLSHD,6
1508-DFXCU,6
8614-VGMMV,6
7868-BGSZA,2
2800-QQUSO,6
2930-UOTMB,5
7973-DZRKH,6
5914-DVBWJ,6
7698-YFGEZ,7
2533-QVMSK,6
9773-PEQBZ,6
8644-XLFBW,6
0650-BWOZN,6
8625-AZYZY,6
7785-RDVIG,7
9602-WCXPI,7
2903-YYTBW,6
3620-MWJNE,6
8573-JGCZW,7
6837-HAEVO,4
6701-YVNQG,4
9306-CPCBC,6
4304-XUMGI,9
9504-YAZWB,7
8819-ZBYNA,4
6174-NRBTZ,3
9481-IEBZY,4
1833-VGRUM,6
6137-NICCO,6
9065-ZCPQX,4
6402-EJMWF,6
3620-EHIMZ,7
6870-ECSHE,7
8747-UDCOI,7
8374-XGEJJ,6
2656-TABEH,6
6946-LMSQS,6
4626-OZDTJ,2
9169-BSVIN,0
2325-ZUSFD,2
8194-PEEBY,7
6872-HXFNF,2
3932-CMDTD,6
7714-YXSMB,6
8387-UGUSU,7
1080-BWSYE,7
4039-HEUNW,6
1194-HVAIF,2
0812-WUPTB,6
3594-UVONA,2
0004-TLHLJ,6
1767-TGTKO,6
8439-LTUGF,7
8805-JNRAZ,6
5089-IFSDP,4
6418-HNFED,4
0206-OYVOC,7
7291-CDTMJ,7
7128-GGCNO,6
0237-YFUTL,4
7691-KGKGP,4
6710-HSJRD,6
3675-EQOZA,7
0840-DCNZE,2
1732-FEKLD,2
9862-KJTYK,3
0479-HMSWA,6
5854-KSRBJ,7
0365-BZUWY,6
4817-VYYWS,6
5701-SVCWR,7
3129-AAQOU,7
4922-CVPDX,4
1396-QWFBJ,6
1357-BIJKI,2
1099-BTKWT,1
5299-SJCZT,6
2018-PZKMU,6
7340-KEFQE,3
4570-QHXHL,6
2403-BCASL,2
7392-YYPYJ,6
2898-LSJGD,1
2223-GDSHL,4
7359-PTSXY,6
9470-RTWDV,2
2176-OSJUV,4
9348-YVOMK,6
8104-OSKWT,6
4521-YEEHE,6
4090-KPJIP,6
3786-WOVKF,2
4503-BDXBD,6
6086-ESGRL,6
2592-HODOV,7
3886-CERTZ,2
7995-ZHHNZ,5
3824-RHKVR,7
5816-SCGFC,6
5989-AXPUC,4
4979-HPRFL,7
8590-OHDIW,7
8015-IHCGW,4
2332-TODQS,7
9278-VZKCD,6
8008-OTEZX,7
2773-OVBPK,4
5999-LCXAO,3
5206-XZZQI,6
4803-LBYPN,7
5759-RCVCB,3
6372-RFVNS,6
2139-FQHLM,6
8261-GWDBQ,4
1093-YSWCA,7
8938-UMKPI,6
0991-BRRFB,6
3882-IYOIJ,4
8749-TZYEC,7
1755-FZQEC,7
3115-JPJDD,5
5600-KTXFM,6
3871-IKPYH,6
6319-IEJWJ,6
9025-AOMKI,6
6339-TBELP,4
7964-YESJC,9
6173-GOLSU,2
5275-SQEIZ,6
7716-YTYHG,6
9938-ZREHM,9
7950-XWOVN,3
4390-KYULV,7
4647-MUZON,2
9702-AIUJO,6
8849-PRIQJ,2
8851-RAGOV,9
1304-NECVQ,6
5396-IZEPB,7
1729-VLAZJ,3
8285-ABVLB,7
0701-TJSEF,0
5712-VBOXD,7
6629-LADHQ,6
8945-GRKHX,6
1559-DTODC,3
4797-MIWUM,7
6959-UWKHF,6
8720-RQSBJ,6
4537-CIBHB,7
3815-SLMEF,3
5154-VEKBL,3
4324-AHJKS,6
4355-CVPVS,2
4495-LHSSK,6
5655-JSMZM,6
5915-ANOEI,4
9861-PDSZP,4
4505-EXZHB,6
7225-CBZPL,6
6704-UTUKK,3
4587-VVTOX,6
2019-HDCZY,4
4652-NNHNY,6
8788-DOXSU,0
7404-JLKQG,6
7421-ZLUPA,3
8972-HJWNV,6
3274-NSDWE,7
2632-IVXVF,4
3692-JHONH,2
8915-NNTRC,4
5914-GXMDA,7
7463-IFMQU,7
2920-RNCEZ,6
2541-YGPKE,5
8515-OCTJS,7
5382-TEMLV,6
3441-CGZJH,1
9592-ERDKV,0
2860-RANUS,2
5261-QSHQM,3
4778-IZARL,4
0432-CAJZV,6
7008-LZVOZ,7
8868-WOZGU,6
1200-TUZHR,6
9365-CSLBQ,7
1334-FJSVR,3
5884-FBCTL,7
7130-CTCUS,6
6242-FEGFD,4
7625-XCQRH,6
6194-HBGQN,2
7634-WSWDB,3
6986-IXNDM,6
1731-TVIUK,6
2987-BJXIK,4
9769-TSBZE,4
0406-BPDVR,2
0618-XWMSS,6
1395-WSWXR,7
6023-GSSXW,4
6752-APNJL,9
5276-KQWHG,6
0420-HLGXF,6
7446-KQISO,4
9823-EALYC,4
0582-AVCLN,7
5803-NQJZO,4
2565-JSLRY,7
2607-DHDAK,7
1073-XXCZD,7
0743-HRVFF,1
4006-HKYHO,4
3727-JEZTU,7
8143-ETQTI,7
6689-KXGBO,6
9667-TKTVZ,6
3657-COGMW,2
8570-KLJYJ,0
7754-IXRMC,6
9473-CBZOP,0
2969-WGHQO,2
6615-NGGZJ,6
4334-HOWRP,1
4255-DDUOU,7
5863-OOKCL,7
1686-STUHN,7
1329-VHWNP,3
2984-MIIZL,6
0266-GMEAO,4
5590-YRFJT,3
5574-NXZIU,4
0019-GFNTW,1
4256-ZWTZI,6
8309-PPCED,4
4098-NAUKP,6
5196-WPYOW,9
4608-LCIMN,6
1485-YDHMM,4
4054-CUMIA,7
0603-TPMIB,7
2525-GVKQU,7
8161-QYMTT,6
9581-GVBXT,3
5862-BRIXZ,1
5404-GGUKR,6
3308-JSGML,1
2126-GSEGL,4
3677-TNKIO,6
0440-QEXBZ,6
2434-EEVDB,4
6762-QVYJO,1
6199-IWKGC,2
2675-DHUTR,6
8152-VETUR,4
9667-EQRXU,3
7446-YPODE,6
9522-BNTHX,3
4676-WLUHT,1
3329-WDIOK,3
7980-MHFLQ,7
2873-ZLIWT,6
3415-TAILE,6
0757-WCUUZ,2
1629-DQQVB,6
1915-IOFGU,6
3045-XETSH,6
0374-AACSZ,6
7239-HZZCX,7
4872-VXRIL,9
9140-CZQZZ,4
3423-HHXAO,7
9938-TKDGL,4
0531-ZZJWQ,6
6537-QLGEX,3
2688-BHGOG,6
7683-CBDKJ,9
0946-CLJTI,6
3160-TYXLT,3
1325-USMEC,2
0916-QOFDP,6
0628-CNQRM,0
5606-AMZBO,6
6199-IPCAO,7
7665-TOALD,6
0112-QWPNC,0
0324-BRPCJ,6
2777-PHDEI,6
5640-CAXOA,3
2235-EZAIK,4
3847-BAERP,7
1196-AMORA,6
4282-YMKNA,6
1453-RZFON,6
8263-OKETD,5
0670-KDOMA,7
2476-YGEFM,6
8687-BAFGU,6
0641-EVBOJ,6
0829-XXPLX,0
9974-JFBHQ,2
5356-RHIPP,7
6624-JDRDS,3
0608-JDVEC,7
9780-FKVVF,6
1919-RTPQD,6
5214-NLTIT,2
3345-PBBFH,6
5055-BRMNE,4
9189-JWSHV,6
2190-PHBHR,2
2650-GYRYL,7
0746-JTRFU,3
5208-FVQKB,9
7184-LRUUR,2
6627-CFOSN,2
3982-JGSFD,7
1574-DYCWE,7
7247-XOZPB,2
2466-FCCPT,7
6211-WWLTF,4
4826-TZEVA,6
6016-NXBNJ,7
9138-EFSMO,6
0576-WNXXC,6
4632-XJMEX,5
8910-LEDAG,6
3452-GWUIN,6
2716-GFZOR,2
3724-UCSHY,7
8626-XHBIE,7
4628-CTTLA,3
3192-LNKRK,6
4439-YRNVD,3
2876-VBBBL,7
6834-NXDCA,3
2208-UGTGR,6
3005-TYFRD,2
8670-MEFCP,4
3079-BCHLN,7
7777-UNYHB,7
5597-GLBUC,6
7278-CKDNC,6
2748-MYRVK,6
8450-UYIBU,3
2969-VAPYH,5
4822-YCXMX,6
7181-OQCUT,6
8474-UMLNT,0
9821-POOTN,6
3836-FZSDJ,7
9142-XMYJH,7
6559-ILWKJ,1
0187-QSXOE,6
7733-UDMTP,3
2649-HWLYB,4
5214-CHIWJ,7
4229-CZMLL,6
6904-JLBGY,4
2465-BLLEU,7
1685-VAYJF,6
8874-EJNSR,7
6917-YACBP,6
5049-MUBWG,0
4223-WOZCM,6
0769-MURVM,1
9253-VIFJQ,5
7030-FZTFM,4
9741-YLNTD,6
5917-RYRMG,7
5120-ZBLAI,2
1194-BHJYC,1
3663-MITLP,6
0906-QVPMS,4
9025-ZRPVR,7
1905-OEILC,7
7858-GTZSP,6
3285-UCQVC,3
6248-BSHKG,7
4685-TFLLS,7
3470-BTGQO,6
1209-VFFOC,1
8224-DWCKX,6
5482-PLVPE,3
4553-DVPZG,6
4902-OHLSK,6
6917-IAYHD,3
0495-ZBNGW,6
8620-RJPZN,7
7572-KPVKK,4
2642-MAWLJ,7
2357-COQEK,6
7103-ZGVNT,2
3737-GCSPV,2
2027-WKXMW,6
7137-NAXML,7
2428-ZMCTB,7
2961-VNFKL,7
1768-HNVGJ,6
6963-KQYQB,7
5934-RMPOV,6
1207-BLKSA,7
4088-YLDSU,2
8316-BBQAY,1
1166-PQLGG,7
3146-JTQHR,7
4291-YZODP,7
4395-PZMSN,6
6427-FEFIG,4
0017-IUDMW,4
8706-HRADD,3
9955-QOPOY,1
4385-ZKVNW,6
5446-DKWYW,2
2034-CGRHZ,2
5797-APWZC,6
3683-QKIUE,6
4228-ZGYUW,6
9031-ZVQPT,4
2990-IAJSV,4
8107-KNCIM,6
9027-YFHQJ,7
5176-LDKUH,6
4644-OBGFZ,7
7926-IJOOU,7
6480-YAGIY,2
4029-HPFVY,6
7602-DBTOU,7
5345-BMKWB,7
3519-ZKXGG,6
5457-COLHT,4
6416-TVAIH,6
5451-YHYPW,4
5108-ADXWO,6
7998-WNZEM,4
3066-RRJIO,6
4664-NJCMS,1
0307-BCOPK,7
7629-WFGLW,6
2542-HYGIQ,7
6715-OFDBP,6
5016-LIPDW,7
6481-LXPWL,1
1567-DSCIC,6
2150-UWTFY,9
6124-ACRHJ,7
9362-MWODR,5
9975-GPKZU,7
9625-RZFUK,7
5153-LXKDT,4
5161-UBZXI,4
1020-JPQOW,6
7919-ZODZZ,2
0565-JUPYD,2
6867-ACCZI,1
5939-XAIXZ,6
9054-FOWNV,6
2683-BPJSO,6
2157-MXBJS,0
8207-VVMYB,7
9732-EQMWY,2
9360-AHGNL,0
1087-UDSIH,7
5269-NRGDP,0
6195-MELTI,6
5485-WUYWF,0
2121-JAFOM,4
8818-DOPVL,6
2632-UCGVD,2
5445-PZWGX,6
1227-UDMZR,4
5198-HQAEN,6
9170-CCKOU,2
2167-FQSTQ,4
2819-GWENI,7
1043-YCUTE,7
3814-MLAXC,6
3572-UUHRS,7
2692-PFYTJ,7
1226-UDFZR,6
5955-EPOAZ,7
6821-JPCDC,2
8815-LMFLX,7
9135-HSWOC,7
8582-KRHPJ,3
5811-IWXYM,2
7044-YAACC,6
8189-XRIKE,6
1506-YJTYT,4
4123-DVHPH,6
6425-YQLLO,2
5442-UTCVD,6
2228-BZDEE,7
7734-DBOAI,3
2789-CZANW,4
2091-RFFBA,6
2114-MGINA,6
7596-LDUXP,2
3740-RLMVT,9
4489-SNOJF,0
2192-OZITF,9
5651-CPDND,6
2186-QZEYA,2
1131-ALZWV,7
7729-XBTWX,7
9134-WYRVP,6
3284-SVCRO,7
9732-OUYRN,7
0559-CKHUS,7
2931-SVLTV,4
6899-PPEEA,6
7504-UWHNB,6
2582-FFFZR,3
8908-NMQTX,1
2187-LZGPL,3
1431-AIDJQ,4
6288-LBEAR,6
4597-NUCQV,6
9019-QVLZD,6
8413-YNHNV,4
5808-TOTXO,7
4369-NYSCF,6
6333-YDVLT,2
5324-KTGCG,7
5599-HVLTW,6
7394-LWLYN,6
3707-LRWZD,6
6873-UDNLD,0
2700-LUEVA,7
1455-ESIQH,6
0958-YHXGP,6
1101-SSWAG,6
2979-SXESE,6
4013-TLDHQ,6
5743-KHMNA,7
4194-FJARJ,4
5325-UWTWJ,2
3969-GYXEL,6
9208-OLGAQ,6
3244-CQPHU,4
2674-MLXMN,2
9708-HPXWZ,1
6992-TKNYO,2
4468-YDOVK,6
3754-DXMRT,6
5792-JALQC,4
7130-VTEWQ,6
2200-DSAAL,6
4302-ZYFEL,7
9351-LZYGF,2
4366-CTOUZ,4
6121-VZNQB,7
7903-CMPEY,6
1518-OMDIK,6
6671-NGWON,7
0595-ITUDF,6
6996-KNSML,6
1955-IBMMB,7
0096-BXERS,6
3806-YAZOV,7
7998-ZLXWN,7
6253-WRFHY,6
9133-AYJZG,2
2675-OTVVJ,6
8680-CGLTP,9
8430-TWCBX,7
5018-GWURO,6
6741-QRLUP,4
4737-HOBAX,4
0537-QYZZN,6
3340-QBBFM,0
1704-NRWYE,6
2592-SEIFQ,3
8200-KLNYW,0
3372-CDXFJ,7
4781-ZXYGU,7
7632-YUTXB,7
2718-YSKCS,7
9896-UYMIE,2
0853-NWIFK,2
8212-CRQXP,6
6980-CDGFC,7
7691-XVTZH,6
7481-ATQQS,2
2277-VWCNI,6
1088-CNNKB,2
8642-GVWRF,2
1930-BZLHI,7
3400-ESFUW,4
5868-YTYKS,7
3525-DVKFN,7
1482-OXZSY,6
0377-JBKKT,9
5778-BVOFB,6
3373-YZZYM,7
2057-ZBLPD,6
0228-MAUWC,6
5502-RLUYV,6
0023-HGHWL,3
7663-YJHSN,4
4915-BFSXL,4
3086-RUCRN,2
5215-LNLDJ,3
7576-JMYWV,6
9039-RBEEE,3
0257-KXZGU,9
1307-ATKGB,6
8417-FMLZI,2
3714-XPXBW,4
1850-AKQEP,7
2824-DXNKN,4
5227-JSCFE,1
0848-ZGQIJ,4
3621-CHYVB,1
8042-RNLKO,7
1792-UXAFY,6
5372-FBKBN,7
0420-TXVSG,5
6217-TOWGS,4
0515-YPMCW,6
0378-XSZPU,5
1045-LTCYT,7
1544-JJMYL,5
4636-JGAAI,6
6874-SGLHU,6
5951-AOFIH,2
4729-XKASR,3
3059-NGMXB,9
8652-YHIYU,6
5278-PNYOX,4
5449-FIBXJ,6
3486-HOOGQ,4
5061-PBXFW,9
8630-FJLIB,6
3891-NLXJB,3
4749-OJKQU,6
0577-WHMEV,2
5453-AXEPF,6
3639-XJHKQ,9
3716-LRGXK,4
2263-SFSQZ,7
9950-MTGYX,7
3397-AVTKU,6
4825-FUREZ,7
9837-BMCLM,6
2672-OJQZP,6
0137-UDEUO,7
3134-DSHVC,2
6161-UUUTA,6
7821-DPRQE,6
6543-XRMYR,6
2001-EWBQU,6
4925-LMHOK,6
1608-GMEWB,6
6695-AMZUF,4
1455-UGQVH,6
8410-BGQXN,7
8280-MQRQN,6
1619-YWUBB,7
7611-YKYTC,6
2037-SGXHH,6
3178-FESZO,2
0365-GXEZS,6
0082-OQIQY,6
6087-MVHJH,6
4603-JANFB,6
3018-TFTSU,6
3606-SBKRY,3
4806-KEXQR,6
0667-NSRGI,6
7083-YNSKY,7
6893-ODYYE,2
8242-JSVBO,6
2479-BRAMR,6
9541-ZPSEA,5
2665-NPTGL,6
1139-WUOAH,1
4693-VWVBO,7
7434-SHXLS,7
6937-GCDGQ,6
0988-JRWWP,6
5075-JSDKI,7
7908-QCBCA,6
8644-XYTSV,3
6711-FLDFB,6
3873-WOSBC,7
7465-ZZRVX,6
7975-JMZNT,4
7251-XFOIL,6
4116-IQRFR,7
3714-JTVOV,6
8259-DZLIZ,6
0442-ZXKVS,2
7853-WNZSY,7
3120-FAZKD,7
8606-OEGQZ,7
0225-ZORZP,6
4702-IOQDC,6
9489-JMTTN,4
0575-CUQOV,6
0967-BMLBD,7
6178-KFNHS,6
2830-LEWOA,2
5006-MXVRN,7
1264-BYWMS,6
9658-WYUFB,6
8327-WKMIE,7
6917-FIJHC,7
5329-KRDTM,4
7797-EJMDP,0
3530-VWVGU,7
2013-SGDXK,6
6368-NWMCE,5
3633-CDBUW,0
0707-HOVVN,4
8580-QVLOC,4
3956-MGXOG,6
9274-UARKJ,6
4077-HWUYD,4
2012-NWRPA,6
8808-ELEHO,6
0103-CSITQ,2
3506-LCJDC,7
8671-KKKOS,3
7305-ZWMAJ,7
9518-XXBXE,6
3934-HXCFZ,2
6578-KRMAW,2
4860-IJUDE,6
7666-WKRON,6
9688-YGXVR,2
0423-UDIJQ,6
1945-XISKS,7
4910-AQFFX,6
2154-KVJFF,6
5360-LJCNJ,4
2607-FBDFF,6
9647-ERGBE,6
3428-XZMAZ,6
1100-DDVRV,3
0378-TOVMS,6
4355-HBJHH,4
6728-WYQBC,7
9058-CBREO,6
9029-FEGVJ,6
7216-KAOID,7
0318-QUUOB,6
6145-NNPNO,6
5520-FVEWJ,6
5339-TJFEK,6
5572-ZDXHY,6
2074-GUHPQ,6
4625-XMOYM,7
5827-MWCZK,2
1385-TQOZW,7
5914-XRFQB,4
4329-YPDDQ,6
4804-NCPET,7
3750-CKVKH,6
5944-UGLLK,1
8063-GBATB,6
7787-BNTZM,7
2252-ISRNH,6
9415-TPKRV,6
5322-TEUJK,4
4547-KQRTM,6
4877-EVATK,7
1866-DIOQZ,1
8375-KVTHK,6
2697-NQBPF,6
3709-OIJEA,6
7639-SUPCW,6
1386-ZIKUV,7
0599-XNYDO,6
6377-WHAOX,6
6855-VLGOS,7
8999-XXGNS,2
8746-OQQRW,7
3181-MIZBN,7
0471-ARVMX,6
7766-CLTIC,6
5650-YLIBA,6
0825-CPPQH,7
9084-OAYKL,7
6122-LJADA,4
2400-XIWIO,4
7524-VRLPL,4
1069-XAIEM,6
7569-NMZYQ,4
5201-USSQZ,2
2105-PHWON,2
1494-EJZDW,7
4884-TVUQF,4
8003-EWNDZ,7
1897-RCFUM,7
9256-JTBNZ,7
4658-HCOHW,6
2211-RMNHO,4
2432-TFSMK,2
3440-JPSCL,6
4929-ROART,6
1834-ABKHQ,6
1741-WTPON,4
3932-IJWDZ,6
1240-HCBOH,7
3594-KADLU,3
8065-BVEPF,6
3796-ENZGF,9
1734-ZMNTZ,7
2853-CWQFQ,6
0813-TAXXS,0
2519-TWKFS,6
2889-FPWRM,2
0626-QXNGV,7
6723-CEGQI,1
6987-XQSJT,6
4732-RRJZC,7
9499-XPZXM,4
4338-EYCER,6
3007-FDPEA,7
6350-XFYGW,6
4290-BSXUX,6
8513-OLYGY,4
0311-QYWSS,6
8705-DWKTI,2
8755-IWJHN,6
0325-XBFAC,6
4480-QQRHC,6
0929-PECLO,6
3680-CTHUH,2
1202-KKGFU,9
6112-KTHFQ,7
1852-XEMDW,6
2462-XIIJB,6
4760-XOHVN,7
1820-DJFPH,7
9426-SXNHE,7
9068-FHQHD,7
1269-FOYWN,7
9470-YFUYI,9
7817-BOQPW,6
7402-EYFXX,6
1853-UDXBW,6
9895-VFOXH,3
5458-CQJTA,4
1230-QAJDW,6
5701-ZIKJE,6
5219-YIPTK,6
5032-MIYKT,6
7396-VJUZB,6
9717-QEBGU,6
5172-RKOCB,4
6509-TSGWN,7
3540-RZJYU,6
3178-CIFOT,7
2091-MJTFX,3
4530-NDRKU,7
5985-TBABQ,0
9800-ONTFE,6
6743-HHQPF,3
8455-HIRAQ,6
6616-AALSR,4
0883-EIBTI,7
9415-ZNBSX,4
4018-KJYUY,7
0722-TROQR,6
7571-YXDAD,6
3884-UEBXB,3
8780-RSYYU,7
5537-UXXVS,7
1791-PQHBB,5
8701-DGLVH,7
8741-LQOBK,3
3393-FMZPV,6
8082-GHXOP,6
6402-ZFPPI,6
0980-FEXWF,6
7486-KSRVI,6
3011-WQKSZ,7
8443-WVPSS,6
3006-XIMLN,6
8218-FFJDS,4
1986-PHGZF,6
9965-YOKZB,6
0504-HHAPI,2
9360-OMDZZ,6
6305-YLBMM,6
0345-XMMUG,4
8024-XNAFQ,4
3647-GMGDH,2
2988-GBIVW,6
2832-SCUCO,7
7036-ZZKBD,5
3791-LGQCY,6
0265-PSUAE,6
0463-TXOAK,7
0594-UFTUL,7
9509-MPYOD,7
9128-CPXKI,6
0129-KPTWJ,6
8166-ZZTFS,4
5855-EIBDE,4
5365-LLFYV,6
5956-YHHRX,6
6008-NAIXK,3
2956-GGUCQ,6
1928-BXYIV,6
5760-FXFVO,6
6595-COKXZ,6
0961-ZWLVI,2
5181-OABFK,4
4007-NHVHI,6
7816-VGHTO,1
5871-DGTXZ,7
7550-WIQVA,2
7544-ZVIKX,2
0016-QLJIS,4
7508-DQAKK,4
5176-OLSKT,9
9356-AXGMP,2
3556-BVQGL,7
0362-ZBZWJ,6
8979-CAMGB,6
4211-MMAZN,7
7581-EBBOU,2
4274-OWWYO,6
5073-RZGBK,2
1541-ETJZO,6
2192-CKRLV,1
3154-HMWUU,7
6119-SPUDB,3
6522-OIQSX,1
7813-ZGGAW,6
8748-HFWBO,7
1052-QJIBV,7
1319-YLZJG,6
4106-HADHQ,5
0723-FDLAY,2
3050-RLLXC,4
9298-WGMRW,4
2369-UAPKZ,6
3088-LHEFH,6
2778-OCLGR,3
6583-KQJLK,6
8544-JNBOX,7
6681-ZSEXG,5
6139-ZZRBQ,7
6116-RFVHN,6
0637-KVDLV,6
8884-FEEWR,7
3125-RAHBV,7
6633-MPWBS,6
0373-AIVNJ,3
8785-EPNCG,7
1682-VCOIO,7
5729-KLZAR,6
2072-ZVJJX,7
8849-AYPTR,6
9518-IMLHK,4
1582-RAFML,6
3646-ITDGM,7
8740-CRYFY,6
3569-VLDHH,0
8224-KDLKN,7
7594-LZNWR,6
4001-TSBTV,6
2962-XPMCQ,6
8727-XDPUD,1
1043-UXOVO,4
1064-FBXNK,7
3996-ZNWYK,7
2878-DHMIN,7
7762-ONLJY,7
1678-FYZOW,6
5795-BKOYE,2
8627-EHGIP,3
7402-PWYJJ,6
5480-TBGPH,2
0018-NYROU,6
7501-VTYLJ,6
7608-RGIRO,7
0480-BIXDE,6
5895-QSXOD,6
9814-AOUDH,7
6175-IRFIT,6
8760-ZRHKE,2
1622-HSHSF,7
8854-CCVSQ,6
6749-UTDVX,4
5542-DHSXL,6
9102-OXKFY,5
0511-JTEOY,6
5216-WASFJ,6
7808-DVWEP,7
7067-KSAZT,2
2284-VFLKH,2
0366-NQSHS,7
6532-YLWSI,7
3807-BPOMJ,6
3892-NXAZG,4
4948-WBBKL,6
4182-BGSIQ,7
9300-AGZNL,6
0988-AADSA,4
9972-NKTFD,5
3717-LNXKW,2
5734-EJKXG,2
2207-RYYRL,7
6729-FZWSY,7
9695-IDRZR,4
8144-DGHXP,4
7814-LEEVE,7
1112-CUNAO,6
5175-AOBHI,6
5174-RNGBH,6
8631-WUXGY,6
7270-BDIOA,6
9565-JSNFM,6
5906-DVAPM,2
6654-QGBZZ,7
8348-JLBUG,2
0607-DAAHE,7
5641-DMBFJ,4
9200-NLNPD,1
2664-XJZNO,4
9732-KPKBW,6
3339-EAQNV,2
0921-OHLVP,6
3389-YGYAI,6
9560-ARGQJ,6
8350-NYMVI,3
1600-DILPE,6
0536-ESJEP,4
4654-GGUII,3
6478-HRRCZ,9
8510-BBWMU,7
6857-TKDJV,7
2360-RDGRO,6
0584-BJQGZ,4
5134-IKDAY,6
1360-XFJMR,2
3070-DVEYC,6
5730-RIITO,3
9058-MJLZC,6
5707-ORNDZ,6
0902-XKXPN,7
5177-RVZNU,7
0056-EPFBG,1
8993-IZEUX,6
8696-JKZNU,6
5380-AFSSK,6
8190-ZTQFB,3
0931-MHTEM,2
2055-PDADH,6
7515-LODFU,7
0440-UEDAI,6
1337-BOZWO,3
0868-VJRDR,4
8714-EUHJO,6
6344-SFJVH,3
3950-VPYJB,9
8041-TMEID,4
7321-ZNSLA,3
6941-KXRRV,6
3721-CNEYS,6
8727-JQFHV,7
9475-NNDGC,2
1355-KUSBG,6
3688-FTHLT,6
0899-LIIBW,6
2568-OIADY,6
1384-RCUXW,6
5825-XJOCM,9
6848-YLDFR,4
8125-QPFJD,4
2320-YKQBO,7
1193-RTSLK,2
2302-ANTDP,6
5923-GXUOC,6
4973-RLZVI,5
7869-ZYDST,2
4501-UYKBC,2
1215-EXRMO,7
2305-MRGLV,6
8404-VIOMB,1
5233-GEEAX,3
2359-KLTEK,6
5304-EFJLP,4
2673-ZALNP,7
9184-GALIL,7
4393-RYCRE,2
9746-MDMBK,2
3162-ZJZFU,6
8404-GFGCZ,6
8875-AKBYH,6
4432-ADRLB,6
0533-UCAAU,2
1394-SUIUH,4
3521-MNKLV,6
2533-TIBIX,3
8993-PHFWD,3
1565-RHDJD,2
7137-RYLPP,6
3765-JXVKY,6
5092-STPKP,6
7330-WZLNC,6
0114-PEGZZ,6
3359-DSRKA,7
8639-NHQEI,4
7161-DFHUF,7
3957-LXOLK,6
3720-DBRWL,4
6635-MYYYZ,4
8565-WUXZU,2
5281-BUZGT,6
4994-OBRSZ,4
0562-FGDCR,4
2436-QBZFP,3
3420-YJLQT,6
6040-CGACY,7
6582-PLFUU,7
8242-PDSGJ,1
0264-CNITK,7
0089-IIQKO,2
7839-NUIAA,9
6075-QMNRR,6
5378-IKEEG,3
5966-EMAZU,0
0440-EKDCF,5
4774-HHGGS,7
2718-GAXQD,6
2055-BFOCC,0
8180-AKMJV,6
4298-OYIFC,6
5566-SOEZD,9
9842-EFSYY,1
2272-WUSPA,4
4584-LBNMK,7
3898-GUYTS,6
0930-EHUZA,4
6413-XKKPU,6
9975-SKRNR,7
3703-KBKZP,6
1449-XQEMT,7
2626-URJFX,6
4973-MGTON,4
3682-YEUWS,7
1223-UNPKS,7
2612-RRIDN,6
4735-ASGMA,6
3446-QDSZF,6
3669-LVWZB,3
6892-EZDTG,6
5117-IFGPS,6
7379-FNIUJ,6
1627-AFWVJ,7
9725-SCPZG,6
5884-GCYMI,6
3217-FZDMN,2
4486-EFAEB,7
0060-FUALY,2
7853-GVUDZ,7
7480-QNVZJ,6
6954-OOYZZ,6
7088-FBAWU,9
8313-AFGBW,4
3943-KDREE,6
9239-ZBZZV,3
3097-IDVPU,6
4398-HSCJH,6
2197-OMWGI,1
2303-PJYHN,7
9795-VOWON,3
1237-WIYYZ,7
1987-AUELQ,7
7852-LECYP,2
4430-UZIPO,3
4822-LPTYJ,4
8165-CBKXO,1
6527-PZFPV,7
4855-SNKMY,6
9593-CVZKR,7
8595-SIZNC,7
8008-HAWED,3
7124-UGSUR,2
1862-SKORY,3
5236-XMZJY,6
4827-DPADN,4
2694-CIUMO,6
5846-ABOBJ,7
1439-LCGVL,7
0909-SDHNU,3
4647-XXZAM,6
1502-XFCVR,2
7740-KKCXF,3
5360-XGYAZ,1
9692-TUSXH,6
7912-SYRQT,6
3557-HTYWR,9
4816-JBHOV,6
8920-NAVAY,6
1699-TLDLZ,7
5600-PDUJF,6
8292-TYSPY,6
0567-XRHCU,1
1867-BDVFH,6
2067-QYTCF,6
2359-QWQUL,2
9103-TCIHJ,6
7407-SUJIZ,7
9150-KPBJQ,7
0052-DCKON,2
3654-ARMGP,4
9699-UBQFS,6
9367-TCUYN,7
1261-FWTTE,3
3528-HFRIQ,3
0708-SJDIS,6
4140-WJAWW,7
2073-QBVBI,3
6928-ONTRW,7
3320-VEOYC,6
5231-FIQPA,7
6617-WLBQC,6
2599-CIPQE,4
6653-CBBOM,6
8774-GSBUN,7
7326-RIGQZ,6
1401-FTHFQ,7
3247-ZVOUO,6
0254-FNMCI,4
1848-LBZHY,6
6101-IMRMM,6
8118-TJAFG,6
5429-LWCMV,6
7298-IZWLY,7
9758-MFWGD,3
3955-JBZZM,6
1268-ASBGA,6
8943-URTMR,6
4815-TUMEQ,7
4713-LZDRV,6
9909-IDLEK,6
4092-OFQZS,7
1561-BWHIN,7
4325-NFSKC,6
9927-DSWDF,6
9500-LTVBP,5
7252-NTGSS,6
8149-AIQCG,6
1360-JYXKQ,2
2955-PSXOE,7
7762-URZQH,4
0899-WZRSD,6
3255-GRXMG,6
4828-FAZPK,6
6094-ZIVKX,5
6925-BAYGL,7
3262-EIDHV,4
7354-OIJLX,6
1376-HHBDV,6
6907-NZZIJ,6
6133-OZILE,3
4135-FRWKJ,0
2911-UREFD,1
3744-ZRRDZ,6
5673-TIYIB,3
6551-ZCOTS,7
7191-ADRGF,1
5018-LXQQG,9
6892-BOGQE,7
1602-IJQQE,6
4628-WQCQQ,6
1746-TGTWV,5
5995-SNNEW,6
8050-WYBND,3
2821-WARNZ,7
4879-GZLFH,6
1644-IRKSF,6
8314-HTWVE,7
9402-ROUMJ,2
2507-QZPQS,6
7159-NOKYQ,4
5707-ZMDJP,9
8779-YIQQA,7
7136-IHZJA,9
8966-OIQHG,7
7074-STDCN,3
3705-PSNGL,7
8739-QOTTN,7
1399-OUPJN,7
0277-BKSQP,6
6502-HCJTI,2
2606-RMDHZ,3
5774-XZTQC,7
2676-SSLTO,4
6266-QHOJZ,4
7269-JISCY,5
0363-SVHYR,4
8547-NSBBO,2
8258-GSTJK,6
6861-OKBCE,7
9940-RHLFB,6
6591-QGOYB,2
9070-BCKQP,4
6421-SZVEM,2
1328-EUZHC,7
2995-UPRYS,2
8878-RYUKI,6
9633-DENPU,4
7811-JIVPF,6
7113-HIPFI,9
8541-QVFKM,6
6686-YPGHK,6
1383-EZRWL,7
9258-CNWAC,4
5371-VYLSX,6
6374-AFWOX,4
4759-TRPLW,6
5317-FLPJF,1
7621-VPNET,6
6034-YMTOB,6
8563-IIOXK,9
4903-CNOZC,2
4353-HYOJD,6
8020-BWHYL,6
7267-FRMJW,7
2982-VPSGI,6
4188-FRABG,2
8199-ZLLSA,2
4128-ETESU,6
0620-DLSLK,6
4625-EWPTF,3
5980-NOPLP,6
3850-OKINF,9
6892-XPFPU,6
8010-EZLOU,6
1156-ZFYDO,7
3295-YVUSR,6
8016-NCFVO,6
4119-ZYPZY,8
5549-ZGHFB,7
7577-SWIFR,6
0303-WMMRN,7
6408-OTUBZ,2
5204-HMGYF,0
1078-TDCRN,3
3727-OVPRY,7
3797-FKOGQ,6
7622-NXQZR,3
6196-HBOBZ,2
3970-XGJDU,7
7017-VFULY,7
5562-YJQGT,7
8807-OPMBM,7
5439-WIKXB,6
9874-QLCLH,6
8294-UIMBA,6
8109-YUOHE,9
5840-NVDCG,4
8092-NLTGF,7
5928-QLDHB,6
9840-EFJQB,6
0696-UKTOX,9
4801-KFYKL,7
3472-OAOOR,3
6135-OZQVA,6
8062-YBDOE,6
2252-JHJGE,6
4188-PCPIG,4
6000-APYLU,6
7105-BENQF,0
7721-DVEKZ,7
3566-VVORZ,6
9507-HSMMZ,7
2480-SQIOB,6
0947-IDHRQ,6
7813-TKCVO,7
0128-MKWSG,3
3672-YITQD,6
4350-ZTLPI,2
9048-JVYVF,6
0361-HJRDX,1
5727-MYATE,4
3823-KYNQY,7
8988-ECPJR,6
7570-WELNY,9
3021-VLNRJ,5
3776-EKTKM,3
2080-CAZNM,6
1028-FFNJK,6
6907-FLBER,6
3001-UNBTL,6
5982-PSMKW,4
3507-GASNP,7
7096-ZNBZI,7
1902-XBTFB,6
1676-MQAOA,4
0786-IVLAW,2
7566-DSRLQ,4
0643-OKLRP,6
7245-JMTTQ,2
6050-IJRHS,2
6202-JVYEU,7
8591-TKMZH,4
0734-OXWBT,6
4282-ACRXS,3
0365-TRTPY,2
7349-ALMUX,4
9381-NDKME,3
6502-KUGLL,9
1841-YSJGV,4
2794-XIMMO,1
8382-SHQEH,6
3511-BFTJW,1
7668-XCFYV,6
2983-ZANRP,6
7845-URHJN,7
3034-ZBEQN,3
5018-HEKFO,7
3976-NLDEZ,7
2282-YGNOR,5
5336-UFNZP,2
6854-EXGSF,2
1241-EZFMJ,7
9233-PSYHO,2
5376-PCKNB,2
8044-BGWPI,7
4060-LDNLU,6
3589-PPVKW,6
8327-LZKAS,2
5887-IKKYO,4
1075-BGWOH,6
1755-RMCXH,7
0302-JOIVN,2
3858-XHYJO,2
4299-SIMNS,6
7025-IWFHT,6
6261-LHRTG,2
7841-FCRQD,5
2056-EVGZL,2
8777-MBMTS,4
7753-USQYQ,6
5366-IJEQJ,6
7661-CPURM,6
6233-HXJMX,2
5902-WBLSE,7
1981-INRFU,6
4971-PUYQO,6
3239-TPHPZ,7
5115-GZDEL,1
3338-CVVEH,6
8485-GJCDN,6
2615-YVMYX,6
2851-STERV,0
4393-GEADV,4
8486-AYEQH,6
1527-SXDPN,4
6029-WTIPC,6
8634-CILSZ,6
5419-JKZNQ,6
2495-KZNFB,6
1409-PHXTF,4
4560-WQAQW,9
9591-YVTEB,3
9309-BZGNT,1
4274-DRSQT,2
2027-DNKIV,9
8075-GXIUB,7
2885-HIJDH,4
5424-RLQLC,6
6682-QJDGB,6
6507-DTJZV,6
8780-IXSTS,6
7673-BQGKU,7
6723-WSNTY,2
9530-EHPOH,6
2725-IWWBA,9
0345-HKJVM,6
1061-PNTHC,2
0394-YONDK,7
6574-MCOEH,2
7399-QHBJS,4
3049-SOLAY,6
0997-YTLNY,6
3317-HRTNN,3
9479-HYNYL,4
3235-ETOOB,6
9708-KFDBY,7
8058-INTPH,6
3642-GKTCT,4
0774-RMNUW,1
1334-PDUKM,2
0756-MPZRL,3
2242-MFOTG,2
2927-CVULT,4
2144-BFDSO,6
8745-PVESG,3
7647-GYYKX,7
5647-FXOTP,6
5569-OUICF,2
8821-XNHVZ,6
2082-OJVTK,6
9700-ISPUP,6
9839-ETQOE,3
6078-VESFR,6
9027-TMATR,4
5940-NFXKV,6
1941-HOSAM,6
9110-HSGTV,4
0704-VCUMB,7
6171-ZTVYB,9
8053-WWDRO,7
9564-KCLHR,6
1935-IMVBB,6
2535-PBCGC,1
2082-CEFLT,6
1470-PSXNM,6
1213-NGCUN,6
2498-XLDZR,4
9866-OCCKE,4
5338-YHWYT,4
7718-UPSKJ,2
8731-WBBMB,4
1448-CYWKC,2
7901-IIDQV,5
2690-DVRVK,7
5688-KZTSN,7
1270-XKUCC,7
0334-ZFJSR,2
2894-QOJRX,3
5747-PMBSQ,6
5583-EJXRD,1
4565-EVZMJ,9
3143-JQEGI,6
6386-SZZKH,4
3327-YBAKM,2
9441-QHEVC,7
6705-LNMDD,6
2580-ASVVY,1
3370-GQEAL,6
5032-USPKF,2
2982-IHMFT,6
3521-SYVOR,6
4254-QPEDE,1
6283-GITPX,4
9526-JAWYF,6
0771-CHWSK,4
9788-HNGUT,4
9495-REDIY,3
5375-XLDOF,4
1172-VIYBP,9
5649-VUKMC,6
6559-PDZLR,6
8992-OBVDG,6
4273-MBHYA,6
4724-WXVWF,0
5701-GUXDC,3
1460-UZPRJ,7
6082-GLJIX,7
5143-EGQFK,3
4919-IKATY,6
2495-TTHBQ,7
0485-ZBSLN,7
3810-PJUHR,7
9050-QLROH,2
0847-HGRML,7
8232-CTLKO,9
9227-YBAXE,4
6168-WFVVF,6
9860-LISIZ,7
0112-QAWRZ,6
0877-SDMBN,0
2786-GCDPI,6
4043-MKDTV,4
8065-YKXKD,6
9637-EIHEQ,6
9229-RQABD,7
8313-KTIHG,6
5320-BRKGK,4
6284-KMNUF,6
9689-PTNPG,6
9465-RWMXL,6
6229-UOLQL,3
2362-IBOOY,6
3137-LUPIX,6
0843-WTBXE,6
6143-JQKEA,6
8676-OOQEJ,3
5515-IDEJJ,7
9701-CDXHR,6
7450-NWRTR,6
8124-NZVGJ,3
2162-FRZAA,1
5376-DEQCP,6
5118-MUEYH,2
9095-HFAFX,6
5627-TVBPP,7
2379-ENZGV,6
3936-QQFLL,7
2589-AYCRP,7
4067-HLYQI,6
5124-EOGYE,7
5057-RKGLH,7
0292-WEGCH,6
8910-ICHIU,2
4097-YODCF,2
9715-WZCLW,4
9786-YWNHU,9
6407-GSJNL,7
6005-OBZPH,6
4049-ZPALD,4
7932-WPTDS,3
3733-UOCWF,6
6833-JMZYP,2
2722-VOJQL,6
1310-QRITU,6
8961-QDZZJ,2
9715-SBVSU,4
8490-BXHEO,6
7173-TETGO,9
7929-SKFGK,4
2300-RQGOI,7
3563-SVYLG,4
5228-EXCET,6
6435-VWCCY,2
4998-IKFSE,6
8630-QSGXK,4
2455-USLMV,6
7394-FKDNK,6
9488-FVZCC,4
6331-LWDTQ,2
5995-WWKKG,7
1597-FZREH,6
7879-CGSFV,2
9921-EZKBY,2
7432-FFVAR,6
7246-ZGQDF,6
7000-WCEVQ,6
0727-IWKVK,6
5959-BELXA,2
4456-RHSNB,6
3512-IZIKN,5
2481-SBOYW,7
7109-MFBYV,6
1833-TCXKK,6
1832-PEUTS,2
6141-OOXUQ,7
8660-BUETV,6
0580-PIQHM,2
5696-CEIQJ,4
7503-ZGUZJ,6
1696-HXOWK,2
3026-ATZYV,2
4012-YCFAI,9
2506-TNFCO,6
9970-QBCDA,7
8718-PTMEZ,3
9496-IVVRP,9
2207-OBZNX,6
2657-VPXTA,6
6551-VLJMV,7
1221-GHZEP,9
9289-LBQVU,9
6142-VSJQO,6
3458-IDMFK,7
6933-FHBZC,2
0221-NAUXK,7
9770-KXGQU,2
6437-UKHMV,6
6538-POCHL,2
6726-NNFWD,2
3002-WQZWT,6
4277-UDIEF,0
1208-NBVFH,6
4912-PIGUY,6
1114-CENIM,6
6060-DRTNL,6
2725-TTRIQ,4
3374-TTZTK,4
8990-ZXLSU,6
2275-RBYQS,6
8473-VUVJN,6
6289-CPNLD,0
5536-SLHPM,6
4419-UJMUS,4
7794-JASDG,6
7609-YBPXG,4
5519-TEEUH,7
7856-GANIL,2
0804-XBFBV,3
2676-OXPPQ,6
3703-TTEPD,0
2799-TSLAG,7
0196-VULGZ,6
8837-VVWLQ,6
2696-NARTR,6
2208-NKVVH,7
7614-QVWQL,3
1976-CFOCS,6
4631-OACRM,6
7139-JZFVG,4
4987-GQWPO,3
3755-JBMNH,6
1757-TCATG,7
6345-ULYRW,6
4776-XSKYQ,3
8048-DSDFQ,7
5753-QQWPW,9
6010-DDPPW,7
1809-DMJHQ,6
6693-FRIRW,4
6586-MYGKD,4
3173-NVMPX,6
0248-PGHBZ,4
0623-GDISB,6
2892-GESUL,7
6923-EFPNL,6
7472-EQOAV,2
9574-RKJIF,6
2043-WVTQJ,6
8034-RYTVV,6
3863-QSTYI,6
2619-WFQWU,6
5044-LRQAQ,6
1716-LSAMB,4
1333-PBMXB,7
6546-OPBBH,7
5985-BEHZK,2
9127-QRZMH,9
5919-VCZYM,7
9644-KVCNC,2
2137-DQMEV,3
8174-LNWMW,7
9279-CJEOJ,6
7964-VEXDG,6
2404-JIBFC,4
0778-NELLA,3
8029-XYPWT,4
4614-NUVZD,6
4632-PAOYU,7
3803-KMQFW,7
6804-GDMOI,6
2990-OGYTD,4
6646-JPPHA,6
9572-MTILT,2
7658-UYUQS,2
7880-XSOJX,3
9611-CTWIH,6
4589-IUAJB,7
0329-GTIAJ,6
8746-BFOAJ,7
8457-XIGKN,7
6072-NUQCB,7
6629-CZTTH,6
8838-GPHZP,7
8750-QWZAJ,7
5364-EVNIB,6
6918-UMQCG,6
0675-NCDYU,4
6339-DKLMK,3
1346-PJWTK,4
5088-QZLRL,7
8023-QHAIO,6
4397-FRLTA,7
3057-VJJQE,6
5087-SUURX,3
2302-OUZXB,4
8133-ANHHJ,2
2270-CHBFN,2
0013-EXCHZ,6
5982-FPVQN,6
9107-UKCKY,2
4654-ULTTN,4
5550-VFRLC,6
5546-BYZSM,7
1492-KGETH,2
4929-BSTRX,6
4163-HFTUK,7
8215-NGSPE,7
2225-ZRGSG,4
8859-YSTWS,7
5271-YNWVR,4
7601-DHFWZ,7
2657-ALMWY,6
6330-JKLPC,6
4667-OHGKG,7
1998-VHJHK,7
1707-HABPF,2
1660-HSOOQ,6
7253-UVNDW,5
0487-VVUVK,7
7228-OMTPN,6
5063-IUOKK,7
4508-OEBEY,2
0027-KWYKW,6
2308-STERM,7
5982-XMDEX,7
6284-AHOOQ,6
6051-PTVNS,7
2344-JMOGN,6
3799-ISUZQ,6
2877-VDUER,0
9152-AMKAK,0
1794-HBQTJ,6
9432-VOFYX,6
8049-WJCLQ,6
6586-PSJOX,6
2460-FPSYH,3
9705-ZJBCG,9
4818-DRBQT,6
1320-HTRDR,6
6847-KJLTS,2
9670-BPNXF,5
3913-FCUUW,4
3301-VKTGC,9
1493-AMTIE,7
9555-SAHUZ,9
0816-TSPHQ,7
9932-WBWIK,7
4619-EVPHY,2
5286-YHCVC,4
6424-ELEYH,6
4391-RESHN,6
9115-YQHGA,6
4462-CYWMH,2
8963-MQVYN,7
2458-EOMRE,0
9334-GWGOW,6
6821-BUXUX,6
5028-HTLJB,7
9801-GDWGV,6
6542-LWGXJ,3
5567-GZKQY,7
1222-LRYKO,7
2320-JRSDE,7
2087-QAREY,6
0601-WZHJF,3
4423-JWZJN,2
5143-WMWOG,7
6490-FGZAT,7
5393-RXQSZ,6
7452-FOLON,7
2320-TZRRH,7
0231-LXVAP,6
9444-JTXHZ,6
4942-VZZOM,2
5510-BOIUJ,7
7502-BNYGS,4
4291-HYEBC,3
6147-CBCRA,7
6047-SUHPR,2
4471-KXAUH,6
9752-ZNQUT,6
7638-QVMVY,6
1576-PFZIW,4
5666-MBJPT,7
7312-XSBAT,6
3096-GKWEB,6
2371-JQHZZ,6
0674-GCDXG,4
1121-QSIVB,6
4396-KLSEH,7
3244-DCJWY,6
2824-MYYBN,6
0875-CABNR,2
6345-HOVES,3
8318-LCNBW,1
6469-QJKZW,7
0147-ESWWR,6
1217-VASWC,2
7812-FZHPE,7
6370-ZVHDV,7
5915-DGNVC,2
6260-XLACS,7
3566-CAAYU,1
4983-CCWMC,6
9103-CXVOK,7
2896-TBNBE,2
4797-AXPXK,9
5229-PRWKT,6
6982-UQZLY,7
2522-WLNSF,0
3841-CONLJ,3
5057-LCOUI,3
0193-ESZXP,2
4475-NVTLU,7
4369-HTUIF,6
9386-LDCZR,2
9585-KKMFD,7
5399-ZIMKF,6
0336-KXKFK,1
5619-XZZKR,7
3948-FVVRP,9
5327-XOKKY,4
0983-TATYJ,6
1813-JYWTO,9
0156-FVPTA,6
1984-FCOWB,2
0654-HMSHN,6
6719-OXYBR,6
3312-ZWLGF,6
6476-YHMGA,4
5287-QWLKY,2
0795-XCCTE,7
0168-XZKBB,6
3785-NRHYR,7
5196-SGOAK,6
4537-DKTAL,6
7072-MBHEV,2
5602-BVFMK,7
6297-NOOPG,4
1891-UAWWU,6
8204-TIFGJ,7
8050-DVOJX,4
6108-OQZDQ,6
0363-QJVFX,4
8903-XEBGX,6
8169-SAEJD,3
9840-DVNDC,6
1089-XZWHH,7
2325-WINES,2
6064-ZATLR,4
3096-JRDSO,2
7824-PANSQ,6
8042-JVNFH,6
9648-BCHKM,7
2888-ADFAO,7
8707-HOEDG,6
3374-LXDEV,6
4072-IPYLT,9
7167-PCEYD,7
4936-YPJNK,7
1580-BMCMR,6
4817-KEQSP,7
6408-WHTEF,4
9251-AWQGT,7
8749-CLJXC,7
7989-VCQOH,0
5049-GLYVG,7
4199-QHJNM,4
8882-TLVRW,1
5883-GTGVD,6
5135-GRQJV,4
2384-OVPSA,7
1371-WEPDS,6
3580-GICBM,7
4817-QRJSX,6
9730-DRTMJ,2
4686-UXDML,2
3349-ANQNH,2
2398-YPMUR,6
0932-YIXYU,7
7480-SPLEF,7
7636-XUHWW,7
1431-CYWMH,7
5937-EORGB,6
6349-JDHQP,7
5539-HIVAK,7
5847-MXBEO,7
9985-MWVIX,6
4583-PARNH,6
1116-FRYVH,3
1421-HCERK,2
9633-XQABV,6
0716-BQNDX,8
1265-XTECC,2
1183-CANVH,2
1972-XMUWV,4
8679-LZBMD,2
3407-JMJQQ,4
6252-DFGTK,5
1539-LNKHM,7
8645-KOMJQ,4
0289-IVARM,6
9761-XUJWD,6
4057-FKCZK,4
4291-TPNFG,4
6087-YPWHO,4
3090-QFUVD,7
2237-ZFSMY,0
1722-LDZJS,7
1818-ESQMW,6
4871-JTKJF,6
1415-YFWLT,6
7401-RUBNK,6
0506-YLVKJ,7
8661-BOYNW,4
6711-VTNRE,6
4815-GBTCD,3
2805-AUFQN,7
0980-PVMRC,3
7233-DRTRF,6
3500-RMZLT,0
3873-NFTGI,6
1162-ECVII,4
7048-GXDAY,2
8571-ZCMCX,1
1169-WCVAK,2
4548-SDBKE,6
8066-POXGX,3
7129-CAKJW,6
8695-ARGXZ,6
3570-YUEKJ,6
4143-OOBWZ,6
1555-HAPSU,7
1697-NVVGY,0
7854-EKTJL,7
8464-EETCQ,7
2419-FSORS,4
8132-YPVBX,6
9102-IAYHT,6
6754-LZUKA,4
3422-LYEPQ,6
8099-MZPUJ,4
0787-LHDYT,7
2642-DTVCO,6
0374-IOEGQ,6
4361-JEIVL,6
3197-NNYNB,4
3396-DKDEL,4
1752-OZXFY,0
9066-QRSDU,7
9112-WSNPU,6
9867-NNXLC,7
5321-NTRKC,4
1363-TXLSL,6
9507-EXLTT,6
3161-GETRM,2
0402-OAMEN,7
6933-VLYFX,1
6754-WKSHP,7
9846-GKXAS,6
6017-PPLPX,6
4976-LNFVV,3
5055-MGMGF,6
4641-FROLU,7
2862-JVEOY,7
2969-QWUBZ,3
9822-BIIGN,9
2077-MPJQO,6
1534-OULXE,6
7136-RVDTZ,3
2971-SGAFL,6
1480-IVEVR,6
2905-KFQUV,6
4581-SSPWD,6
3370-HXOPH,6
9391-YZEJW,6
9958-MEKUC,4
0281-CNTZX,7
6927-WTFIV,6
4118-CEVPF,2
3398-ZOUAA,6
9114-VEPUF,6
7876-BEUTG,6
2338-BQEZT,6
9873-MNDKV,6
0378-NHQXU,6
8241-JUIQO,7
2194-IIQOF,4
4512-ZUIYL,6
9631-RXVJM,7
9584-EXCDZ,6
7969-AULMZ,6
5093-FEGLU,7
2621-UDNLU,7
7526-IVLYU,7
2428-HYUNX,7
9214-EKVXR,6
3410-MHHUM,6
0568-ONFPC,7
0733-VUNUW,6
4550-EVXNY,6
2122-YWVYA,6
2968-SSGAA,6
2296-DKZFP,4
4844-JJWUY,6
6777-TGHTM,2
8909-BOLNL,7
6603-YRDCJ,9
3538-WZPHD,3
3229-USWAR,0
2138-VFAPZ,7
6131-JLWZM,7
4785-QRJHC,1
0269-XFESX,7
1709-EJDOX,7
4316-XCSLJ,6
8610-WFCJF,6
9693-XMUOB,3
0383-CLDDA,4
4905-JEFDW,3
2709-UQGNP,6
3549-ZTMNH,7
7881-INRLC,2
8033-ATFAS,6
1635-NZATJ,7
0562-HKHML,7
8277-RVRSV,7
9943-VSZUV,6
0117-LFRMW,3
6172-FECYY,6
7054-ENNGU,6
1455-HFBXA,2
9402-CXWPL,6
1628-BIZYP,6
1965-AKTSX,6
0082-LDZUE,6
4786-UKSNZ,7
5343-SGUBI,6
0856-NAOES,6
1976-AZZPJ,3
7248-VZQLC,2
6156-UZDLF,5
3099-OONVS,9
9500-WBGRP,7
5183-KLYEM,4
5144-PQCDZ,7
8514-VZHEB,7
6625-IUTTT,0
9355-NPPFS,6
0068-FIGTF,4
5965-GGPRW,4
8035-PWSEV,6
2236-HILPA,7
1840-BIUOG,6
1356-MKYSK,0
6080-LNESI,7
1830-IPXVJ,7
5828-DWPIL,6
8398-TBIYD,6
0011-IGKFF,6
4192-GORJT,6
6496-SLWHQ,6
9912-GVSEQ,6
2931-FSOHN,6
9418-RUKPH,7
5383-MMTWC,6
9971-ZWPBF,2
4712-AUQZO,3
9711-FJTBX,6
2908-ZTPNF,3
7240-ETPTR,3
2202-CUYXZ,6
5995-OIGLP,6
8421-WZOOW,4
6261-RCVNS,2
7951-QKZPL,7
1414-YADCW,4
8756-RDDLT,3
2862-PFNIK,3
5816-QVHRX,5
4430-YHXGG,7
6888-SBYAI,6
7395-XWZOY,3
7169-YWAMK,4
3640-PHQXK,6
6877-LGWXO,6
6859-RKMZJ,6
2729-VNVAP,7
2957-JIRMN,6
2049-BAFNW,3
3842-QTGDL,4
7163-OCEQI,0
9782-LGXMC,9
5975-BAICR,5
8019-ENHXU,6
5167-GBFRE,3
9033-EOXWV,6
4673-KKSLS,6
4853-OITSN,6
9800-OUIGR,7
1324-NLTJE,5
2324-EFHVG,4
7094-MSZAO,7
1522-VVDMG,6
6907-CQGPN,3
0780-XNZFN,7
0239-OXEXL,6
2675-IJRGJ,7
7049-GKVZY,2
8577-QSOCG,7
3721-CNZHX,7
0212-ISBBF,3
9185-TQCVP,6
3585-YNADK,2
5271-DBYSJ,6
1099-GODLO,7
6828-HMKWP,7
5567-WSELE,6
1472-TNCWL,6
8063-RJYNF,6
0687-ZVTHB,2
2080-GKCWQ,6
9661-ACXBS,6
2193-SFWQW,4
5656-JAMLX,7
3462-BJQQA,6
0442-TDYUO,7
6733-LRIZX,4
9503-XJUME,7
4367-NHWMM,3
3727-RJMEO,6
3779-OSWCF,4
6736-DHUQI,2
3915-ODIYG,6
1360-RCYRT,3
2724-FJDYW,1
4451-RWASJ,7
6646-VRFOL,6
3460-TJBWI,7
5917-HBSDW,7
5685-IIXLY,6
5671-UUNXD,2
0956-ACVZC,2
2325-NBPZG,6
4250-ZBWLV,6
4482-FTFFX,6
8859-DZTGQ,7
0440-MOGPM,2
0020-JDNXP,1
3752-CQSJI,7
5025-GOOKI,7
4698-KVLLG,7
5095-AESKG,6
2887-JPYLU,6
4770-QAZXN,7
4896-CPRPF,7
1871-MOWRM,6
9714-EDSUC,6
2027-OAQQC,3
0282-NVSJS,3
9090-SGQXL,6
6595-YGXIT,6
7353-YOWFP,7
9835-ZIITK,2
8008-ESFLK,2
7537-CBQUZ,6
1555-DJEQW,4
5649-TJHOV,3
0519-XUZJU,6
3363-EWLGO,7
4750-UKWJK,7
6338-AVWCY,3
1689-YQBYY,6
4487-ZYJZK,7
2959-FENLU,2
0708-LGSMF,6
9253-QXKBE,6
7634-HLQJR,7
0487-RPVUM,2
4079-ULGFR,7
2516-XSJKX,4
0057-QBUQH,7
9445-SZLCH,6
6599-SFQVE,6
8331-ZXFOE,2
4003-FUSHP,6
0356-ERHVT,6
7325-ENZFI,3
4884-ZTHVF,6
3920-HIHMQ,6
3055-OYMSE,6
0613-WUXUM,7
7568-PODML,3
4458-KVRBJ,7
5349-IECLD,6
1397-XKKWR,3
3945-GFWQL,6
8097-OMULG,2
6013-BHCAW,4
0401-WDBXM,4
3387-PLKUI,7
6096-EGVTU,7
3797-VTIDR,3
5081-NWSUP,9
2580-ATZSQ,2
8085-MSNLK,4
9691-HKOVS,2
9881-VCZEP,6
9526-BIHHD,3
8757-TFHHJ,6
4523-WXCEF,6
1468-DEFNC,7
5119-KEPFY,2
8364-TRMMK,6
0916-KNFAJ,6
8319-QBEHW,3
3063-QFSZL,6
8775-LHDJH,6
9625-QNLUX,4
3097-NQYSN,6
4024-CSNBY,4
7110-BDTWG,1
7493-GVFIO,7
0690-SRQID,7
9605-WGJVW,6
9114-DPSIA,4
4700-UBQMV,9
7711-GQBZC,7
3565-UNOCC,6
4627-MIHJH,4
9795-NREXC,4
8573-CGOCC,7
7356-AYNJP,7
9249-FXSCK,2
5493-SDRDQ,6
6286-SUUWT,7
4819-HJPIW,3
8654-DHAOW,6
5438-QMDDL,9
9812-GHVRI,6
5553-AOINX,2
1228-ZLNBX,6
4226-KKDON,6
3831-YCPUO,4
7445-WMRBW,2
3308-DGHKL,7
9924-JPRMC,4
0080-EMYVY,6
6218-KNUBD,0
7337-CINUD,7
7609-NRNCA,7
0623-EJQEG,6
7153-CHRBV,9
0871-URUWO,2
9190-MFJLN,2
6198-PNNSZ,2
3317-VLGQT,6
4132-POCZS,3
5614-DNZCE,4
1095-JUDTC,6
3896-RCYYE,3
9638-JIQYA,3
3258-SANFR,6
3726-TBHQT,4
3190-ITQXP,7
0870-VEMYL,6
4833-QTJNO,2
3039-MJSLN,7
0178-CIIKR,7
5385-SUIRI,6
3982-XWFZQ,6
5774-QPLTF,7
2322-VCZHZ,6
5010-IPEAQ,1
4009-ALQFH,6
6383-ZTSIW,2
8990-YOZLV,9
3069-SSVSN,3
5222-IMUKT,6
3627-FCRDW,6
7562-GSUHK,2
6685-XSHHU,7
8901-UPRHR,4
4903-UYAVB,7
0118-JPNOY,6
6776-TLWOI,7
3845-FXCYS,7
5857-XRECV,7
0725-CXOTM,2
4343-EJVQB,6
9000-PLFUZ,3
3427-GGZZI,6
7779-ORAEL,4
0644-OQMDK,6
4077-CROMM,6
3154-CFSZG,6
2868-MZAGQ,6
4847-QNOKA,6
2220-IAHLS,7
1658-XUHBX,2
6379-RXJRQ,6
2378-HTWFW,2
8650-RHRKE,3
4377-VDHYI,2
0475-RIJEP,6
1260-TTRXI,6
3719-TDVQB,7
6328-ZPBGN,6
0201-MIBOL,6
4937-QPZPO,6
2925-VDZHY,4
6981-TDRFT,1
3413-CSSTH,0
8033-VCZGH,2
4789-KWMXN,2
0224-NIJLP,7
7542-CYDDM,7
4718-WXBGI,4
2867-UIMSS,6
8495-PRWFH,6
0439-IFYUN,6
5716-LIBJC,2
2868-LLSKM,2
8111-RKSPX,6
2988-QRAJY,4
1585-MQSSU,6
0071-NDAFP,7
2856-NNASM,6
7328-ZJAJO,7
6458-CYIDZ,6
8559-CIZFV,9
1090-PYKCI,2
3058-WQDRE,3
7547-EKNFS,6
2279-AXJJK,6
6769-DYBQN,6
0909-SELIE,4
3417-TSCIC,3
1042-HFUCW,5
4439-JMPMT,6
6537-OTKMY,3
8999-EXMNO,7
6725-TPKJO,7
2446-BEGGB,6
7162-WPHPM,4
1599-MMYRQ,9
8821-KVZKQ,1
1496-GGSUK,3
6434-TTGJP,1
0042-JVWOJ,7
0130-SXOUN,6
2575-GFSOE,6
2330-PQGDQ,6
1452-UZOSF,4
2097-YVPKN,7
2842-JTCCU,6
8597-CTXVJ,9
6631-HMANX,4
9962-BFPDU,7
3296-SILRA,6
9681-OXGVC,6
6394-HHHZM,7
5995-LFTLE,7
5180-UCIIQ,3
1932-UEDCX,2
7153-OANIO,6
5188-HGMLP,6
0665-XHDJU,6
6521-YYTYI,6
8878-HMWBV,6
8265-HKSOW,4
3544-FBCAS,4
5331-RGMTT,2
4759-PXTAN,2
7054-DMVAS,4
3428-MMGUB,6
6549-BTYPG,1
7823-JSOAG,6
3705-RHRFR,4
9374-YOLBJ,7
9074-KGVOX,3
6128-DAFVY,3
9933-QRGTX,4
4476-OSWTN,0
3751-KTZEL,3
1977-STDKI,6
5066-GFJMM,7
2661-GKBTK,4
0458-HEUZG,3
7268-WNTCP,7
0824-VWDPO,6
8409-WQJUX,1
2578-JQPHZ,4
3278-FSIXX,6
5813-UECBU,6
0328-GRPMV,6
9746-UGFAC,7
2946-KIQSP,3
0625-AFOHS,7
6726-WEXXK,6
4636-OLWOE,0
4342-HENTK,6
4685-ERGHK,6
0885-HMGPY,4
5003-OKNNK,7
4195-SMMNX,7
7208-PSIHR,6
4012-ZTHBR,6
0489-WMEMG,0
7435-ZNUYY,7
1354-YZFNB,7
6956-SMUCM,2
2985-FMWYF,6
2812-ENYMO,1
2717-HVIZY,7
3223-WZWJM,6
3422-GALYP,6
9053-JZFKV,4
2530-ENDWQ,4
2890-WFBHU,2
0327-WFZSY,6
7977-HXJKU,7
6615-ZGEDR,7
7033-CLAMM,7
4023-RTIQM,3
0864-FVJNJ,2
7356-IWLFW,6
9541-PWTWO,4
3967-VQOGC,7
7872-RDDLZ,6
9250-WYPLL,6
6308-CQRBU,6
2754-XBHTB,6
1597-LHYNC,6
0186-CAERR,2
3043-SUDUA,7
5442-BHQNG,6
2169-RRLFW,7
5872-OEQNH,1
3162-KKZXO,2
7055-VKGDA,2
0754-UKWQP,6
8873-GLDMH,6
5696-JVVQY,4
8946-BFWSG,7
7493-TPUWZ,6
0547-HURJB,7
8904-OPDCK,3
8845-LWKGE,0
1577-HKTFG,7
8752-STIVR,6
0691-NIKRI,2
5022-JNQEQ,6
4558-FANTW,6
3249-VHRIP,3
3736-BLEPA,6
4701-LKOZD,4
6603-QWSPR,4
9921-QFQUL,6
1929-ZCBHE,1
4378-MYPGO,4
8651-ENBZX,2
4129-LYCOI,6
7798-JVXYM,6
8647-SDTWQ,6
2696-ECXKC,2
2081-KJSQF,7
7623-TRNQN,6
3323-CPBWR,2
9330-IJWIO,6
3384-CTMSF,6
0902-RFHOF,7
9286-DOJGF,6
6048-QBXKL,6
9661-MHUMO,5
7718-RXDGG,6
1025-FALIX,6
3451-VAWLI,7
3407-QGWLG,7
1842-EZJMK,9
2347-WKKAE,6
8735-DCXNF,6
3214-IYUUQ,2
1936-UAFEH,4
3587-PMCOY,2
8079-XRJRS,2
1027-LKKQQ,4
7148-XZPHA,9
8073-IJDCM,7
5309-TAIKL,0
6856-RAURS,6
8778-LMWTJ,6
9717-IOAAF,7
8884-ADFVN,6
2845-KDHVX,9
0848-SOMKO,1
2720-WGKHP,6
6734-FQAJX,8
2869-ADAWR,2
1535-VTJOQ,7
6368-TZZDT,7
0943-ZQPXH,6
1293-BSEUN,7
9894-EZEWG,6
1302-TPUBN,7
7851-FLGGQ,3
0637-UBJRP,6
0940-OUQEC,6
2378-VTKDH,6
0927-CNGRH,7
8608-OZTLB,0
2335-GSODA,1
1952-DVVSW,7
0702-PGIBZ,6
6656-GULJQ,4
9853-JFZDU,9
1963-VAUKV,7
3777-XROBG,7
6994-FGRHH,2
4000-VGMQP,2
3999-WRNGR,3
3466-RITXD,6
2680-XKKNJ,5
3058-HJCUY,2
2974-GGUXS,6
7994-XIRTR,0
3259-FDWOY,4
2101-RANCD,6
7921-BEPCI,4
0807-ZABDG,6
8510-TMWYB,9
3258-ZKPAI,4
1428-IEDPR,4
5298-GSTLM,6
4450-YOOHP,3
6728-CZFEI,6
5748-RNCJT,6
3653-NCRDJ,7
6121-TNHBO,2
5119-NZPTV,6
6519-ZHPXP,4
7739-LAXOG,6
3472-QPRCH,7
8224-UAXBZ,3
9610-WCESF,1
9776-CLUJA,6
2486-WYVVE,0
3865-ZYKAD,2
1422-DGUBX,9
2999-AANRQ,4
8668-KNZTI,6
0480-KYJVA,7
6034-ZRYCV,1
9746-YKGXB,3
3926-YZVVX,5
6000-UKLWI,7
2079-FBMZK,6
6332-FBZRI,2
2096-XOTMO,7
3266-FTKHB,7
8221-EQDGL,6
2346-LOCWC,7
6608-QQLVK,6
0298-XACET,1
7560-QJAVJ,4
2995-YWTCD,7
3551-HUAZH,6
9137-UIYPG,6
2809-ZMYOQ,6
5084-OOVCJ,6
0254-WWRKD,5
7727-SHVZV,7
6302-JGYRJ,6
5339-PXDVH,6
2205-LPVGL,6
8782-NUUOL,0
3685-YLCMQ,2
7601-WFVZV,7
4609-KNNWG,7
4868-AADLV,2
9529-OFXHY,6
8634-MPHTR,6
2669-QVCRG,6
2478-EEWWM,3
9174-IHETN,6
2233-TXSIU,3
9644-UMGQA,9
3256-EZDBI,3
8761-NSOBC,6
0419-YAAPX,2
8413-VONUO,6
0872-CASZJ,9
4726-DLWQN,6
8164-OCKUJ,7
3094-JOJAI,6
9494-MRNYX,6
2599-CZABP,6
7945-PRBVF,7
4544-RXFMG,6
0859-YGKFW,7
1150-FTQGN,2
9223-UCPVT,6
7196-LIWRH,7
5448-VWNAM,4
1177-XZBJL,9
3518-FSTWG,4
9330-VOFSZ,4
4351-QLCSU,6
0939-EREMR,6
9389-ACWBI,6
5419-JPRRN,6
3644-QXEHN,6
2911-IJORQ,2
5921-NGYRH,6
2100-BDNSN,2
5998-DZLYR,4
0488-GSLFR,6
9318-NKNFC,7
3985-HOYPM,7
9728-FTTVZ,6
9548-LERKT,7
6576-FBXOJ,1
4310-KEDTB,3
7254-IQWOZ,6
2474-BRUCM,6
4062-HBMOS,6
0742-NXBGR,6
2676-ISHSF,7
9236-NDUCW,3
4753-PADAS,2
6103-QCKFX,9
7781-EWARA,1
6110-OHIHY,6
7018-FPXHH,4
5889-LFOLL,6
5708-EVONK,4
8708-XPXHZ,6
0616-ATFGB,3
0572-ZJKLT,4
5135-RDDQL,9
1353-LJWEM,6
1794-SWWKL,6
6166-YIPFO,1
7016-BPGEU,3
6876-ADESB,6
9332-GYWLO,6
1963-SVUCV,6
4184-VODJZ,6
0220-EBGCE,6
1092-WPIVQ,7
7233-IOQNP,3
2834-JKOOW,3
2754-VDLTR,6
2400-FEQME,7
3190-XFANI,2
7551-DACSP,6
4957-SREEC,7
7235-NXZCP,6
0230-UBYPQ,3
4923-ADWXJ,6
1763-KUAAW,7
1104-TNLZA,6
5195-KPUNQ,9
0520-FDVVT,6
3439-GVUSX,3
1444-VVSGW,2
5712-PTIWW,6
5949-HGVJL,6
5203-XEHAX,6
1635-HDGFT,7
3315-TOTBP,6
8050-XGRVL,5
6661-HBGWL,6
1518-VOWAV,6
9828-QHFBK,6
3908-MKIMJ,3
5012-YSPJJ,6
5909-ECHUI,6
1309-BXVOQ,6
6728-VOIFY,2
9317-WZPGV,6
4891-NLUBA,1
2856-HYAPG,6
8969-PRHFK,7
0661-KQHNK,7
8709-KRDVL,6
4488-PSYCG,7
1427-VERSM,6
9801-NOSHQ,7
6339-YPSAH,6
3621-CEOVK,6
6906-ANDWJ,6
2159-TURXX,7
1548-FEHVL,6
3795-CAWEX,4
6215-NQCPY,6
5647-URDKA,7
2229-DPMBI,7
9626-WEQRM,3
2188-SXWVT,6
6258-PVZWJ,4
1094-BKOSX,1
6969-MVBAI,6
2978-XXSOG,6
2342-CKIAO,7
6953-PBDIN,4
3898-BSJYF,2
3938-YFPXD,4
7696-AMHOD,5
2453-SAFNS,2
9558-IHEZX,4
9617-UDPEU,7
6340-DACFT,7
4955-VCWBI,7
6813-GZQCG,7
7426-GSWPO,6
3389-KTRXV,7
3118-UHVVQ,7
1031-IIDEO,6
5832-XKAES,6
3205-MXZRA,6
4701-AHWMW,1
8317-BVKSO,7
5702-KVQRD,4
0083-PIVIK,2
9210-IAHGH,5
6169-PGNCD,4
0023-XUOPT,2
4592-IWTJI,3
4909-JOUPP,4
4657-FWVFY,2
2257-BOVXD,2
7729-JTEEC,6
7632-MNYOY,2
6518-LGAOV,6
7242-QZLXF,3
4576-CSAJH,5
1000-AJSLD,7
9696-RMYBA,6
8690-UPCZI,0
1062-LHZOD,6
9770-LXDBK,7
4086-WITJG,7
8344-WFMFH,6
9600-NAXZN,6
8822-KNBHV,2
8404-FYDIB,6
2791-SFVEW,7
6457-USBER,6
6762-NSODU,7
4662-EKDPQ,6
9248-OJYKK,6
9888-ZCUMM,1
3398-FSHON,6
3319-DWOEP,6
1074-WVEVG,7
9979-RGMZT,6
6437-UDQJM,4
1226-IENZN,6
2108-GLPQB,5
9259-PACGQ,9
4415-IJZTP,6
1465-VINDH,2
5474-LAMUQ,7
3468-DRVQJ,2
1122-YJBCS,9
4990-ALDGW,7
4816-OKWNX,2
3315-IKYZQ,1
2810-FTLEM,6
4747-LCAQL,9
3411-WLRSQ,6
0898-XCGTF,2
8006-PYCSW,7
8249-THVEC,7
8722-PRFDV,4
2164-SOQXL,7
4020-KIUDI,7
5850-BDWCY,7
2038-YSEZE,6
0827-ITJPH,7
8799-OXZMD,3
1925-TIBLE,6
1705-GUHPV,7
4779-ZGICK,7
0048-PIHNL,7
0818-OCPZO,6
3967-KXAPS,4
1447-GIQMR,6
3704-IEAXF,1
6810-VCAEX,3
0674-EYYZV,6
4480-MBMLB,2
1395-OFUWC,3
0822-QGCXA,6
0872-NXJYS,6
2832-KJCRD,6
3588-WSTTJ,6
5090-EMGTC,4
2346-CZYIL,7
3798-EPWRR,6
6258-NGCNG,7
4186-ZBUEW,9
5274-XHAKY,2
1442-BQPVU,3
3978-YNKDD,7
4940-KHCWD,3
9412-ARGBX,4
1389-CXMLU,6
9589-ABEPT,6
9388-ZEYVT,1
0305-SQECB,3
7605-SNLQG,6
4670-TABXH,4
5561-NWEVX,6
0064-SUDOG,7
8561-NMTBD,2
5161-XEUVX,4
8292-FRFZQ,3
8591-NXRCV,0
7895-VONWT,3
4526-RMTLL,4
6253-GNHWH,9
4566-NECEV,6
8080-POTJR,2
6906-MPARY,6
3662-FXJFO,7
8107-RZLNV,4
0516-OOHAR,2
2027-CWDNU,6
2737-WFVYW,3
9912-OMZDS,2
3733-ZEECP,6
7878-RTCZG,7
2452-MRMZF,7
2272-QAGFO,6
7103-IPXPJ,2
4342-HFXWS,0
3545-CNWRG,6
1785-BPHTP,6
4989-LIXVT,6
7315-WYOAW,6
1173-XZPYF,6
9850-OWRHQ,6
3768-NLUBH,6
8676-TRMJS,6
2509-TFPJU,7
9530-GRMJG,4
6898-RBTLU,4
5481-NTDOH,6
2068-WWXQZ,7
7359-SSBJK,4
2061-VVFST,7
0685-MLYYM,6
0749-IRGQE,3
2380-DAMQP,4
2256-YLYLP,4
1272-ILHFG,7
0164-XAIRP,7
5666-CYCYZ,6
4011-ARPHK,6
8182-PNAGI,6
6365-HITVU,4
7558-IMLMT,7
9488-FYQAU,4
3590-TCXTB,7
6994-KERXL,6
7957-RYHQD,6
2180-DXNEG,6
1960-UOTYM,4
2740-JFBOK,7
6500-JVEGC,2
5515-AKOAJ,6
8976-OQHGT,9
5245-VDBUR,3
6230-BSUXY,6
8469-SNFFH,2
2144-ESWKO,3
1241-FPMOF,7
9928-BZVLZ,3
4114-QMKVN,2
9003-CPATH,6
1754-GKYPY,6
5294-CDGWY,1
7956-XQWGU,7
1591-MQJTP,6
5295-PCJOO,9
2369-FEVNO,7
9863-JZAIC,6
7471-MQPOS,2
7660-HDPJV,6
5115-SQAAU,7
9845-QOMAD,7
7672-VFMXZ,6
9739-JLPQJ,4
9916-AYHTC,7
3855-ONCAR,6
1488-SYSFC,7
7931-PXHFC,0
3990-QYKBE,6
0970-QXPXW,7
3259-KNMRR,4
6120-RJKLU,4
9572-WUKSB,3
5893-KCLGT,7
0076-LVEPS,3
3640-JQGJG,6
4919-MOAVT,6
1596-OQSPS,6
9867-XOBQA,1
9546-KDTRB,7
3090-HAWSU,4
9820-RMCQV,6
3174-RKMOW,2
1760-CAZHT,7
7839-QRKXN,7
8441-SHIPE,7
5204-QZXPU,3
4597-ELFTS,7
1320-GVNHT,4
1047-RNXZV,7
3541-ZNUHK,6
8450-JOVAH,9
8725-JEDFD,6
7562-UXTPG,6
8071-SBTRN,4
1113-IUJYX,2
6668-CNMFP,6
5626-MGTUK,6
5681-LLOEI,2
8212-DJRCH,6
4323-OHFOW,2
4933-BSAIP,7
2030-BTZRO,7
1116-DXXDF,0
9274-CNFMO,6
7758-XKCBS,3
8992-JQYUN,3
6563-VNPMN,4
0617-AQNWT,1
2267-WTPYD,2
0270-THENM,4
2446-PLQVO,6
4707-MAXGU,7
2710-WYVXG,9
3005-NFMTA,6
6300-BWMJX,6
8784-CGILN,6
5389-FFVKB,6
7009-LGECI,6
8444-WRIDW,6
5022-KVDQT,6
7976-CICYS,7
1036-GUDCL,4
2005-DWQZJ,7
8148-WOCMK,7
7815-PDTHL,7
9451-LPGOO,6
9173-IVZVP,7
9129-UXERG,2
3635-JBPSG,3
7964-ZRKKG,6
5868-YWPDW,6
6229-LSCKB,6
2025-JKFWI,6
4078-SAYYN,6
1724-IQWNM,7
8217-QYOHV,6
5546-QUERU,7
9940-HPQPG,2
6897-UUBNU,6
6127-IYJOZ,6
6618-RYATB,6
8930-XOTDP,6
5916-QEWPT,2
5060-TQUQN,6
0531-XBKMM,4
8465-SBRXP,4
2408-PSJVE,6
9079-YEXQJ,6
9700-ZCLOT,7
8738-JOKAR,9
4534-WGCIR,7
1930-WNXSB,6
2685-SREOM,6
3508-CFVZL,4
0402-CQAJN,6
6692-UDPJC,6
1273-MTETI,6
0657-DOGUM,9
5480-HPRRX,3
8792-AOROI,9
0295-PPHDO,6
5146-YYFRZ,7
1195-OIYEJ,6
5906-CVLHP,5
3452-SRFEG,6
4070-OKWVH,2
5297-MDOIR,5
6369-MCAKO,4
4926-UMJZD,6
6848-HJTXY,7
6341-AEVKX,0
4501-EQDRN,6
2990-HWIML,6
0682-USIXD,6
6976-BWGLQ,7
7078-NVFAM,3
8065-QBYTO,2
2133-TSRRM,2
7384-GHBPI,3
7603-USHJS,6
7234-FECYN,6
2511-ALLCS,7
3191-CSNMG,6
7952-OBOYL,6
7470-DYNOE,0
7853-OETYL,3
1545-ACTAS,2
5876-HZVZM,9
1400-MMYXY,6
5126-RCXYW,1
3085-QUOZK,6
2363-BJLSL,6
1956-YIFGE,2
3926-CUQZX,6
7921-LMDFQ,6
2925-MXLSX,2
5820-PTRYM,2
9609-BENEA,0
6211-WHMYA,3
4459-BBGHE,3
9945-PSVIP,7
1041-RXHRA,6
1750-CSKKM,6
9108-EJFJP,6
0530-IJVDB,4
0508-SQWPL,7
2215-ZAFGX,6
8213-TAZPM,2
7142-HVGBG,6
1304-SEGFY,6
7242-EDTYC,7
2904-GGUAZ,9
8267-ZNYVZ,0
5136-GFPMB,2
2595-KIWPV,7
5243-SAOTC,6
9398-MMQTO,6
7619-PLRLP,2
6457-GIRWB,6
6508-NJYRO,7
1450-SKCVI,6
4710-NKCAW,4
5306-BVTKJ,9
0357-NVCRI,7
5570-PTWEH,6
2371-KFUOG,2
0463-ZSDNT,6
6502-MJQAE,6
6257-DTAYD,4
4616-ULAOA,4
7693-LCKZL,6
7746-AWNQW,3
5996-EBTKM,4
2758-RNWXS,0
2314-TNDJQ,1
2405-LBMUW,3
3454-JFUBC,7
0032-PGELS,3
9039-ZVJDC,7
6797-LNAQX,4
9013-AQORL,3
2898-MRKPI,2
2750-BJLSB,0
3648-GZPHF,1
2075-RMJIK,6
9588-YRFHY,7
6394-MFYNG,6
1564-NTYXF,6
9364-YKUVW,7
5392-AKEMH,6
2451-YMUXS,4
3914-FDRHP,6
3078-ZKNTS,7
1024-KPRBB,6
4690-PKDQG,6
8155-IBNHG,6
0886-QGENL,6
9547-ITEFG,2
1264-FUHCX,1
7789-CRUVC,2
6598-KELSS,3
8739-WWKDU,6
8685-WHQPW,6
4745-LSPLO,7
8083-YTZES,6
7240-FQLHE,2
6664-FPDAC,2
9972-VAFJJ,6
0422-UXFAP,2
1904-WAJAA,9
5130-YPIRV,4
2843-CQMEG,6
6439-PKTRR,4
5351-QESIO,3
0786-VSSUD,3
5568-DMXZS,6
8468-FZTOE,4
6633-SYEUS,5
6447-GORXK,3
6967-PEJLL,1
3976-BWUCK,2
5981-ZVXOT,2
1684-FLBGS,2
1389-WNUIB,2
0376-OIWME,6
3585-ISXZP,6
0218-QNVAS,6
6583-QGCSI,6
0804-YGEQV,7
7164-BPTUT,4
4174-LPGTI,5
2523-EWWZL,6
0928-XUTSN,6
2108-XWMPY,3
0052-YNYOT,7
6304-IJFSQ,6
9586-JGQKH,4
4501-VCPFK,3
6075-SLNIL,2
9347-AERRL,7
0093-XWZFY,2
2274-XUATA,1
1980-KXVPM,2
7703-ZEKEF,6
0723-DRCLG,6
5482-NUPNA,9
6691-CCIHA,4
1685-BQULA,2
9053-EJUNL,6
0666-UXTJO,2
1471-GIQKQ,6
4807-IZYOZ,7
1122-JWTJW,6
9710-NJERN,7
9837-FWLCH,7
1699-HPSBG,6
7203-OYKCT,2
1035-IPQPU,6
7398-LXGYX,2
2823-LKABH,6
8775-CEBBJ,6
0550-DCXLH,6
9281-CEDRU,4
2235-DWLJU,3
0871-OPBXW,7
3605-JISKB,5
6894-LFHLY,6
9767-FFLEM,6
0639-TSIQW,2
8456-QDAVC,6
7750-EYXWZ,1
2569-WGERO,7
6840-RESVB,0
2234-XADUH,2
4801-JZAZL,3
8361-LTMKD,6
3186-AJIEK,4
